Order Number,owner,Volume,Price,Side,Symbol,Timestamp
ORD00018,myteam,100,4.5,Buy,LH,2025-09-18 09:58:45
ORD00020,myteam,100,31.0,Buy,KTC,2025-09-18 09:57:39
ORD00021,myteam,100,14.2,Buy,OR,2025-09-18 09:58:31
ORD00025,myteam,100,21.3,Buy,BDMS,2025-09-18 09:57:43
ORD00031,myteam,100,165.0,Buy,DELTA,2025-09-18 09:57:19
ORD00034,myteam,100,116.0,Buy,PTTEP,2025-09-18 09:56:59
ORD00035,myteam,100,11.4,Buy,TRUE,2025-09-18 10:00:48
ORD00039,myteam,100,126.0,Buy,SCB,2025-09-18 10:01:35
ORD00040,myteam,100,49.0,Buy,CPALL,2025-09-18 10:03:26
ORD00041,myteam,100,59.0,Buy,KKP,2025-09-18 10:09:07
ORD00043,myteam,100,19.3,Buy,SCGP,2025-09-18 10:00:30
ORD00048,myteam,100,115.0,Sell,PTTEP,2025-09-18 09:57:33
ORD00054,myteam,100,297.0,Buy,ADVANC,2025-09-18 10:02:50
ORD00055,myteam,100,1.89,Buy,TTB,2025-09-18 10:05:06
ORD00058,myteam,100,57.0,Buy,CPN,2025-09-18 10:08:37
ORD00059,myteam,100,46.0,Buy,GULF,2025-09-18 10:00:35
ORD00063,myteam,100,24.6,Buy,MINT,2025-09-18 10:02:13
ORD00064,myteam,100,58.5,Sell,KKP,2025-09-18 10:21:02
ORD00065,myteam,100,295.0,Sell,ADVANC,2025-09-18 10:10:40
ORD00073,myteam,100,45.75,Sell,GULF,2025-09-18 10:03:32
ORD00075,myteam,100,23.3,Buy,CPF,2025-09-18 10:05:02
ORD00076,myteam,100,19.1,Buy,SCGP,2025-09-18 10:06:42
ORD00077,myteam,100,33.5,Buy,PTT,2025-09-18 10:02:53
ORD00078,myteam,100,30.5,Sell,KTC,2025-09-18 10:07:24
ORD00080,myteam,100,37.0,Buy,TOP,2025-09-18 10:05:29
ORD00081,myteam,100,3.3,Buy,BTS,2025-09-18 10:07:24
ORD00082,myteam,100,116.0,Buy,EGCO,2025-09-18 14:42:20
ORD00083,myteam,100,296.0,Buy,ADVANC,2025-09-18 10:18:07
ORD00090,myteam,100,56.25,Buy,CBG,2025-09-18 10:13:48
ORD00092,myteam,100,20.3,Buy,BJC,2025-09-18 10:14:36
ORD00093,myteam,100,56.25,Sell,CPN,2025-09-18 10:18:22
ORD00094,myteam,100,26.75,Buy,RATCH,2025-09-18 15:41:26
ORD00095,myteam,100,58.75,Buy,KKP,2025-09-18 10:44:19
ORD00096,myteam,100,1.8699999999999999,Sell,TTB,2025-09-18 10:15:27
ORD00098,myteam,100,13.9,Sell,OR,2025-09-18 10:06:28
ORD00099,myteam,100,26.25,Sell,RATCH,2025-09-18 15:44:02
ORD00107,myteam,100,21.0,Sell,BDMS,2025-09-18 10:05:17
ORD00108,myteam,100,2.44,Buy,AWC,2025-09-18 10:26:58
ORD00117,myteam,100,4.420000000000001,Sell,LH,2025-09-18 10:09:44
ORD00120,myteam,100,10.5,Buy,TLI,2025-09-18 10:33:02
ORD00126,myteam,100,21.1,Buy,BDMS,2025-09-18 10:10:02
ORD00127,myteam,100,12.4,Buy,TU,2025-09-18 10:48:41
ORD00133,myteam,100,100.0,Buy,TISCO,2025-09-18 10:45:21
ORD00138,myteam,100,99.5,Sell,TISCO,2025-09-18 10:46:44
ORD00144,myteam,100,229.0,Buy,SCC,2025-09-18 11:02:13
ORD00148,myteam,100,58.75,Buy,KKP,2025-09-18 11:37:19
ORD00152,myteam,100,33.0,Sell,PTT,2025-09-18 10:44:14
ORD00160,myteam,100,43.0,Buy,MTC,2025-09-18 11:51:42
ORD00161,myteam,100,163.5,Sell,DELTA,2025-09-18 10:06:22
ORD00163,myteam,100,45.75,Buy,GULF,2025-09-18 10:13:25
ORD00164,myteam,100,148.0,Buy,BBL,2025-09-18 14:02:47
ORD00165,myteam,100,10.6,Buy,TLI,2025-09-18 10:55:28
ORD00171,myteam,100,25.25,Buy,COM7,2025-09-18 10:34:57
ORD00176,myteam,100,45.25,Sell,GULF,2025-09-18 10:13:59
ORD00183,myteam,100,18.7,Sell,SCGP,2025-09-18 10:30:03
ORD00188,myteam,100,55.5,Sell,CBG,2025-09-18 10:24:11
ORD00198,myteam,100,164.0,Buy,KBANK,2025-09-18 10:40:01
ORD00203,myteam,100,126.0,Buy,SCB,2025-09-18 10:21:42
ORD00205,myteam,100,31.75,Buy,BCP,2025-09-18 12:07:06
ORD00208,myteam,100,31.25,Sell,BCP,2025-09-18 12:21:57
ORD00210,myteam,100,164.0,Buy,KBANK,2025-09-18 10:48:59
ORD00216,myteam,100,4.96,Buy,BANPU,2025-09-18 10:19:20
ORD00219,myteam,100,10.5,Buy,TLI,2025-09-18 12:22:40
ORD00220,myteam,100,20.9,Sell,BDMS,2025-09-18 10:17:35
ORD00221,myteam,100,164.0,Buy,DELTA,2025-09-18 10:15:01
ORD00222,myteam,100,164.0,Buy,KBANK,2025-09-18 10:54:30
ORD00226,myteam,100,3.2600000000000002,Buy,BTS,2025-09-18 10:16:32
ORD00227,myteam,100,11.299999999999999,Buy,TRUE,2025-09-18 12:23:33
ORD00229,myteam,100,20.6,Buy,TIDLOR,2025-09-18 12:15:20
ORD00230,myteam,100,56.0,Buy,CBG,2025-09-18 10:37:10
ORD00231,myteam,100,10.4,Sell,TLI,2025-09-18 13:59:23
ORD00233,myteam,100,5.3,Buy,BEM,2025-09-18 14:26:11
ORD00245,myteam,100,228.0,Buy,SCC,2025-09-18 14:09:19
ORD00246,myteam,100,182.0,Buy,BH,2025-09-18 11:00:20
ORD00247,myteam,100,23.1,Buy,IVL,2025-09-18 12:02:37
ORD00249,myteam,100,181.5,Sell,BH,2025-09-18 11:01:48
ORD00253,myteam,100,42.25,Sell,MTC,2025-09-18 14:36:42
ORD00255,myteam,100,1.93,Buy,VGI,2025-09-18 11:37:09
ORD00256,myteam,100,57.25,Buy,CPN,2025-09-18 12:19:49
ORD00258,myteam,100,58.75,Buy,KKP,2025-09-18 14:12:17
ORD00261,myteam,100,30.25,Buy,KTC,2025-09-18 10:28:22
ORD00264,myteam,100,148.0,Sell,BBL,2025-09-18 16:09:34
ORD00265,myteam,100,3.24,Buy,BTS,2025-09-18 10:17:07
ORD00268,myteam,100,56.5,Buy,CBG,2025-09-18 10:58:35
ORD00271,myteam,100,24.099999999999998,Sell,MINT,2025-09-18 10:56:55
ORD00276,myteam,100,27.5,Buy,PTTGC,2025-09-18 14:00:10
ORD00281,myteam,100,1.91,Sell,VGI,2025-09-18 11:41:59
ORD00291,myteam,100,20.4,Sell,TIDLOR,2025-09-18 14:15:32
ORD00292,myteam,100,126.0,Buy,SCB,2025-09-18 10:32:15
ORD00304,myteam,100,10.7,Buy,TLI,2025-09-18 14:49:15
ORD00305,myteam,100,56.75,Sell,CPN,2025-09-18 14:49:40
ORD00310,myteam,100,4.3999999999999995,Buy,LH,2025-09-18 10:37:52
ORD00317,myteam,100,4.380000000000001,Sell,LH,2025-09-18 10:41:01
ORD00318,myteam,100,20.2,Sell,BJC,2025-09-18 14:37:09
ORD00320,myteam,100,164.0,Buy,DELTA,2025-09-18 10:27:10
ORD00322,myteam,100,4.920000000000001,Sell,BANPU,2025-09-18 10:31:11
ORD00323,myteam,100,23.2,Sell,CPF,2025-09-18 11:01:52
ORD00328,myteam,100,6.1499999999999995,Buy,CCET,2025-09-18 14:04:22
ORD00333,myteam,100,3.2,Sell,BTS,2025-09-18 10:18:19
ORD00340,myteam,100,4.96,Buy,BANPU,2025-09-18 10:35:59
ORD00341,myteam,100,19.0,Buy,SCGP,2025-09-18 12:26:23
ORD00342,myteam,100,228.0,Buy,SCC,2025-09-18 15:26:09
ORD00345,myteam,100,4.920000000000001,Sell,BANPU,2025-09-18 10:37:23
ORD00347,myteam,100,184.0,Buy,BH,2025-09-18 11:33:45
ORD00354,myteam,100,42.5,Buy,MTC,2025-09-18 16:22:35
ORD00356,myteam,100,18.799999999999997,Sell,SCGP,2025-09-18 14:28:37
ORD00357,myteam,100,23.1,Buy,IVL,2025-09-18 15:22:30
ORD00358,myteam,100,42.25,Sell,MTC,2025-09-18 16:27:12
ORD00359,myteam,100,162.0,Sell,DELTA,2025-09-18 10:35:11
ORD00361,myteam,100,10.5,Sell,TLI,2025-09-18 15:52:29
ORD00368,myteam,100,10.6,Buy,TLI,2025-09-18 15:52:36
ORD00369,myteam,100,36.5,Sell,TOP,2025-09-18 11:40:37
ORD00371,myteam,100,19.0,Buy,SCGP,2025-09-18 14:30:07
ORD00376,myteam,100,36.75,Buy,TOP,2025-09-18 11:46:20
ORD00377,myteam,100,20.5,Buy,TIDLOR,2025-09-18 16:07:34
ORD00378,myteam,100,163.0,Buy,DELTA,2025-09-18 10:37:11
ORD00379,myteam,100,27.5,Buy,PTTGC,2025-09-18 15:10:34
ORD00382,myteam,100,23.3,Buy,CPF,2025-09-18 11:26:26
ORD00387,myteam,100,23.2,Sell,CPF,2025-09-18 11:31:56
ORD00388,myteam,100,163.5,Buy,KBANK,2025-09-18 13:59:27
ORD00390,myteam,100,18.799999999999997,Sell,SCGP,2025-09-18 15:16:31
ORD00394,myteam,100,13.9,Buy,OR,2025-09-18 11:49:31
ORD00395,myteam,100,2.46,Buy,AWC,2025-09-18 14:26:56
ORD00397,myteam,100,294.0,Buy,ADVANC,2025-09-18 14:02:56
ORD00400,myteam,100,100.0,Buy,TISCO,2025-09-18 14:18:41
ORD00402,myteam,100,25.5,Buy,KTB,2025-09-18 14:02:41
ORD00408,myteam,100,115.5,Buy,PTTEP,2025-09-18 14:00:07
ORD00409,myteam,100,162.0,Sell,DELTA,2025-09-18 10:39:30
ORD00414,myteam,100,4.96,Buy,BANPU,2025-09-18 10:42:45
ORD00417,myteam,100,40.0,Buy,GPSC,2025-09-18 11:20:44
ORD00420,myteam,100,59.0,Buy,KKP,2025-09-18 15:34:55
ORD00421,myteam,100,30.5,Buy,KTC,2025-09-18 10:44:41
ORD00422,myteam,100,184.0,Buy,BH,2025-09-18 11:48:28
ORD00423,myteam,100,183.5,Sell,BH,2025-09-18 11:48:42
ORD00430,myteam,100,7.75,Buy,HMPRO,2025-09-18 14:19:41
ORD00434,myteam,100,6.1499999999999995,Buy,CCET,2025-09-18 14:33:41
ORD00436,myteam,100,19.1,Buy,SCGP,2025-09-18 16:23:02
ORD00437,myteam,100,2.46,Buy,AWC,2025-09-18 15:18:41
ORD00441,myteam,100,4.920000000000001,Sell,BANPU,2025-09-18 10:46:18
ORD00444,myteam,100,6.05,Sell,CCET,2025-09-18 14:41:43
ORD00446,myteam,100,25.25,Buy,COM7,2025-09-18 14:21:04
ORD00449,myteam,100,27.25,Sell,PTTGC,2025-09-18 16:23:11
ORD00450,myteam,100,25.5,Buy,KTB,2025-09-18 14:45:22
ORD00451,myteam,100,48.75,Buy,CPALL,2025-09-18 14:08:18
ORD00454,myteam,100,13.700000000000001,Sell,OR,2025-09-18 12:07:11
ORD00456,myteam,100,2.44,Sell,AWC,2025-09-18 15:59:22
ORD00457,myteam,100,48.25,Sell,CPALL,2025-09-18 14:16:20
ORD00458,myteam,100,36.75,Buy,TOP,2025-09-18 14:03:15
ORD00459,myteam,100,22.700000000000003,Buy,CRC,2025-09-18 10:05:20
ORD00460,myteam,100,1.92,Buy,VGI,2025-09-18 15:14:03
ORD00466,myteam,100,185.0,Buy,BH,2025-09-18 11:51:02
ORD00469,myteam,100,1.8800000000000001,Buy,TTB,2025-09-18 11:54:29
ORD00470,myteam,100,6.1000000000000005,Sell,CCET,2025-09-18 15:03:27
ORD00471,myteam,100,163.0,Sell,DELTA,2025-09-18 11:06:36
ORD00479,myteam,100,48.75,Buy,CPALL,2025-09-18 14:32:12
ORD00480,myteam,100,24.75,Sell,COM7,2025-09-18 14:38:06
ORD00483,myteam,100,164.0,Buy,DELTA,2025-09-18 11:12:11
ORD00484,myteam,100,3.22,Sell,BTS,2025-09-18 10:39:51
ORD00485,myteam,100,59.0,Buy,KKP,2025-09-18 16:21:45
ORD00486,myteam,100,33.25,Buy,PTT,2025-09-18 16:23:21
ORD00487,myteam,100,292.0,Sell,ADVANC,2025-09-18 14:53:34
ORD00494,myteam,100,2.48,Buy,AWC,2025-09-18 16:18:49
ORD00495,myteam,100,3.24,Buy,BTS,2025-09-18 10:42:03
ORD00496,myteam,100,1.93,Buy,VGI,2025-09-18 15:47:44
ORD00497,myteam,100,3.22,Sell,BTS,2025-09-18 10:42:48
ORD00498,myteam,100,48.25,Sell,CPALL,2025-09-18 14:41:47
ORD00499,myteam,100,3.7600000000000002,Buy,WHA,2025-09-18 14:22:22
ORD00500,myteam,100,1.91,Sell,VGI,2025-09-18 15:57:58
ORD00503,myteam,100,163.5,Buy,KBANK,2025-09-18 14:31:25
ORD00506,myteam,100,184.0,Sell,BH,2025-09-18 12:24:30
ORD00511,myteam,100,184.5,Buy,BH,2025-09-18 12:27:37
ORD00512,myteam,100,57.5,Sell,CBG,2025-09-18 12:05:29
ORD00513,myteam,100,294.0,Buy,ADVANC,2025-09-18 15:08:15
ORD00514,myteam,100,4.9799999999999995,Buy,BANPU,2025-09-18 11:06:34
ORD00516,myteam,100,4.46,Buy,LH,2025-09-18 11:37:47
ORD00517,myteam,100,33.0,Sell,PTT,2025-09-18 16:25:53
ORD00519,myteam,100,33.25,Buy,PTT,2025-09-18 16:26:51
ORD00522,myteam,100,46.0,Buy,GULF,2025-09-18 12:16:34
ORD00524,myteam,100,163.0,Buy,KBANK,2025-09-18 14:46:47
ORD00525,myteam,100,24.200000000000003,Buy,MINT,2025-09-18 14:09:21
ORD00526,myteam,100,183.5,Sell,BH,2025-09-18 14:00:06
ORD00527,myteam,100,39.75,Sell,GPSC,2025-09-18 14:53:21
ORD00528,myteam,100,162.5,Sell,KBANK,2025-09-18 14:47:14
ORD00529,myteam,100,32.75,Sell,PTT,2025-09-18 16:26:57
ORD00530,myteam,100,10.7,Buy,TLI,2025-09-18 16:27:19
ORD00531,myteam,100,4.94,Sell,BANPU,2025-09-18 11:11:19
ORD00532,myteam,100,13.799999999999999,Buy,OR,2025-09-18 13:59:06
ORD00535,myteam,100,58.0,Buy,CBG,2025-09-18 12:10:26
ORD00537,myteam,100,164.0,Buy,DELTA,2025-09-18 11:30:53
ORD00538,myteam,100,23.3,Buy,CPF,2025-09-18 14:19:41
ORD00539,myteam,100,1.9,Sell,VGI,2025-09-18 16:25:53
ORD00540,myteam,100,48.75,Buy,CPALL,2025-09-18 15:07:16
ORD00542,myteam,100,3.72,Sell,WHA,2025-09-18 14:33:55
ORD00543,myteam,100,25.25,Sell,KTB,2025-09-18 16:15:32
ORD00544,myteam,100,183.0,Sell,BH,2025-09-18 14:05:33
ORD00545,myteam,100,25.0,Sell,COM7,2025-09-18 15:20:33
ORD00547,myteam,100,3.74,Buy,WHA,2025-09-18 14:40:38
ORD00549,myteam,100,23.099999999999998,Sell,CPF,2025-09-18 14:27:04
ORD00550,myteam,100,21.1,Buy,BDMS,2025-09-18 12:06:57
ORD00551,myteam,100,3.72,Sell,WHA,2025-09-18 14:45:20
ORD00552,myteam,100,163.5,Buy,KBANK,2025-09-18 15:14:24
ORD00554,myteam,100,4.46,Buy,LH,2025-09-18 12:22:22
ORD00556,myteam,100,125.0,Sell,SCB,2025-09-18 11:44:55
ORD00557,myteam,100,1.8699999999999999,Sell,TTB,2025-09-18 14:01:38
ORD00559,myteam,100,30.5,Buy,KTC,2025-09-18 14:00:04
ORD00560,myteam,100,184.0,Buy,BH,2025-09-18 14:12:08
ORD00561,myteam,100,22.4,Sell,CRC,2025-09-18 10:07:36
ORD00562,myteam,100,21.1,Buy,BDMS,2025-09-18 12:19:00
ORD00563,myteam,100,48.5,Sell,CPALL,2025-09-18 15:27:17
ORD00565,myteam,100,4.96,Buy,BANPU,2025-09-18 12:16:21
ORD00566,myteam,100,183.5,Sell,BH,2025-09-18 14:16:14
ORD00568,myteam,100,22.5,Buy,CRC,2025-09-18 10:07:46
ORD00571,myteam,100,1.8800000000000001,Buy,TTB,2025-09-18 14:11:50
ORD00572,myteam,100,13.700000000000001,Sell,OR,2025-09-18 14:39:04
ORD00573,myteam,100,163.0,Buy,DELTA,2025-09-18 12:15:18
ORD00574,myteam,100,1.8699999999999999,Sell,TTB,2025-09-18 14:14:07
ORD00575,myteam,100,25.25,Sell,KTB,2025-09-18 16:29:32
ORD00576,myteam,100,115.0,Sell,PTTEP,2025-09-18 15:43:22
ORD00577,myteam,100,48.75,Buy,CPALL,2025-09-18 15:29:23
ORD00578,myteam,100,4.420000000000001,Sell,LH,2025-09-18 14:02:27
ORD00583,myteam,100,24.0,Sell,MINT,2025-09-18 14:47:39
ORD00584,myteam,100,4.94,Sell,BANPU,2025-09-18 12:17:12
ORD00589,myteam,100,23.3,Buy,CPF,2025-09-18 14:41:46
ORD00592,myteam,100,57.75,Buy,CBG,2025-09-18 14:05:36
ORD00593,myteam,100,4.96,Buy,BANPU,2025-09-18 12:18:53
ORD00596,myteam,100,3.2600000000000002,Buy,BTS,2025-09-18 11:00:23
ORD00597,myteam,100,45.5,Buy,GULF,2025-09-18 14:15:34
ORD00598,myteam,100,36.5,Sell,TOP,2025-09-18 15:59:01
ORD00603,myteam,100,292.0,Sell,ADVANC,2025-09-18 16:18:31
ORD00604,myteam,100,57.75,Buy,CBG,2025-09-18 14:16:40
ORD00605,myteam,100,3.2399999999999998,Sell,BTS,2025-09-18 11:04:39
ORD00607,myteam,100,294.0,Buy,ADVANC,2025-09-18 16:21:02
ORD00608,myteam,100,57.25,Sell,CBG,2025-09-18 14:23:29
ORD00611,myteam,100,36.75,Buy,TOP,2025-09-18 16:16:37
ORD00612,myteam,100,49.0,Buy,CPALL,2025-09-18 15:51:49
ORD00615,myteam,100,40.25,Buy,GPSC,2025-09-18 16:17:11
ORD00616,myteam,100,4.9,Sell,BANPU,2025-09-18 14:02:49
ORD00617,myteam,100,115.5,Buy,PTTEP,2025-09-18 16:10:50
ORD00619,myteam,100,4.4399999999999995,Buy,LH,2025-09-18 14:47:32
ORD00622,myteam,100,162.5,Buy,DELTA,2025-09-18 14:00:32
ORD00623,myteam,100,115.0,Sell,PTTEP,2025-09-18 16:12:42
ORD00624,myteam,100,1.8800000000000001,Buy,TTB,2025-09-18 14:47:03
ORD00625,myteam,100,40.25,Buy,GPSC,2025-09-18 16:29:17
ORD00628,myteam,100,162.0,Sell,DELTA,2025-09-18 14:05:41
ORD00629,myteam,100,57.5,Sell,CBG,2025-09-18 14:49:08
ORD00630,myteam,100,162.5,Sell,KBANK,2025-09-18 15:52:39
ORD00631,myteam,100,4.92,Buy,BANPU,2025-09-18 14:17:58
ORD00632,myteam,100,4.9,Sell,BANPU,2025-09-18 14:25:16
ORD00633,myteam,100,163.0,Buy,DELTA,2025-09-18 14:07:43
ORD00635,myteam,100,3.2600000000000002,Buy,BTS,2025-09-18 12:03:01
ORD00636,myteam,100,45.25,Sell,GULF,2025-09-18 14:38:24
ORD00637,myteam,100,4.4,Sell,LH,2025-09-18 15:00:21
ORD00638,myteam,100,3.2399999999999998,Sell,BTS,2025-09-18 12:07:01
ORD00639,myteam,100,22.6,Buy,CRC,2025-09-18 10:10:58
ORD00643,myteam,100,3.2600000000000002,Buy,BTS,2025-09-18 12:08:25
ORD00644,myteam,100,58.25,Buy,CBG,2025-09-18 14:51:51
ORD00645,myteam,100,30.25,Sell,KTC,2025-09-18 15:49:09
ORD00646,myteam,100,45.5,Buy,GULF,2025-09-18 14:44:35
ORD00647,myteam,100,45.25,Sell,GULF,2025-09-18 14:45:29
ORD00648,myteam,100,48.75,Sell,CPALL,2025-09-18 16:22:06
ORD00649,myteam,100,162.5,Buy,DELTA,2025-09-18 14:23:44
ORD00650,myteam,100,184.0,Buy,BH,2025-09-18 15:06:31
ORD00651,myteam,100,22.299999999999997,Sell,CRC,2025-09-18 10:11:32
ORD00652,myteam,100,57.75,Sell,CBG,2025-09-18 15:00:50
ORD00653,myteam,100,3.22,Sell,BTS,2025-09-18 12:09:51
ORD00654,myteam,100,45.75,Buy,GULF,2025-09-18 14:50:28
ORD00655,myteam,100,45.25,Sell,GULF,2025-09-18 14:54:42
ORD00656,myteam,100,161.5,Sell,DELTA,2025-09-18 14:33:18
ORD00658,myteam,100,22.5,Buy,CRC,2025-09-18 10:12:19
ORD00660,myteam,100,49.0,Buy,CPALL,2025-09-18 16:29:12
ORD00661,myteam,100,22.299999999999997,Sell,CRC,2025-09-18 10:12:25
ORD00662,myteam,100,13.9,Buy,OR,2025-09-18 16:07:49
ORD00663,myteam,100,21.0,Sell,BDMS,2025-09-18 15:42:28
ORD00666,myteam,100,45.75,Buy,GULF,2025-09-18 15:07:16
ORD00667,myteam,100,22.5,Buy,CRC,2025-09-18 10:13:24
ORD00668,myteam,100,22.299999999999997,Sell,CRC,2025-09-18 10:13:32
ORD00669,myteam,100,21.1,Buy,BDMS,2025-09-18 15:48:02
ORD00670,myteam,100,45.25,Sell,GULF,2025-09-18 15:11:42
ORD00672,myteam,100,161.0,Sell,DELTA,2025-09-18 14:33:46
ORD00673,myteam,100,162.0,Buy,DELTA,2025-09-18 14:33:49
ORD00674,myteam,100,21.0,Sell,BDMS,2025-09-18 15:49:46
ORD00675,myteam,100,182.5,Sell,BH,2025-09-18 15:44:10
ORD00676,myteam,100,4.92,Buy,BANPU,2025-09-18 15:57:49
ORD00677,myteam,100,125.0,Sell,SCB,2025-09-18 14:33:52
ORD00680,myteam,100,57.75,Sell,CBG,2025-09-18 15:50:42
ORD00681,myteam,100,24.0,Buy,MINT,2025-09-18 15:56:12
ORD00682,myteam,100,161.0,Buy,DELTA,2025-09-18 14:34:27
ORD00683,myteam,100,22.5,Buy,CRC,2025-09-18 10:15:13
ORD00684,myteam,100,160.5,Sell,DELTA,2025-09-18 14:34:33
ORD00685,myteam,100,3.24,Buy,BTS,2025-09-18 14:24:21
ORD00687,myteam,100,125.0,Sell,SCB,2025-09-18 14:38:13
ORD00688,myteam,100,22.4,Sell,CRC,2025-09-18 10:15:53
ORD00691,myteam,100,161.0,Buy,DELTA,2025-09-18 14:36:15
ORD00692,myteam,100,30.75,Buy,KTC,2025-09-18 16:27:36
ORD00694,myteam,100,163.5,Buy,KBANK,2025-09-18 16:22:25
ORD00695,myteam,100,3.24,Buy,BTS,2025-09-18 14:33:45
ORD00696,myteam,100,23.9,Sell,MINT,2025-09-18 15:58:47
ORD00697,myteam,100,125.5,Buy,SCB,2025-09-18 14:45:59
ORD00698,myteam,100,4.46,Buy,LH,2025-09-18 16:15:06
ORD00699,myteam,100,4.420000000000001,Sell,LH,2025-09-18 16:15:33
ORD00701,myteam,100,22.4,Sell,CRC,2025-09-18 10:17:24
ORD00702,myteam,100,3.22,Sell,BTS,2025-09-18 14:36:53
ORD00704,myteam,100,22.5,Buy,CRC,2025-09-18 10:17:34
ORD00705,myteam,100,3.24,Buy,BTS,2025-09-18 14:36:59
ORD00707,myteam,100,21.0,Sell,BDMS,2025-09-18 16:04:09
ORD00708,myteam,100,125.0,Sell,SCB,2025-09-18 14:52:54
ORD00709,myteam,100,45.25,Sell,GULF,2025-09-18 15:48:28
ORD00710,myteam,100,4.880000000000001,Sell,BANPU,2025-09-18 16:17:00
ORD00711,myteam,100,58.0,Buy,CBG,2025-09-18 16:28:33
ORD00712,myteam,100,125.5,Buy,SCB,2025-09-18 14:54:18
ORD00713,myteam,100,4.8999999999999995,Buy,BANPU,2025-09-18 16:18:55
ORD00714,myteam,100,57.75,Sell,CBG,2025-09-18 16:29:27
ORD00715,myteam,100,4.880000000000001,Sell,BANPU,2025-09-18 16:22:01
ORD00716,myteam,100,1.8699999999999999,Sell,TTB,2025-09-18 15:17:43
ORD00717,myteam,100,159.5,Sell,DELTA,2025-09-18 14:40:09
ORD00718,myteam,100,22.299999999999997,Sell,CRC,2025-09-18 10:19:30
ORD00719,myteam,100,3.22,Sell,BTS,2025-09-18 14:58:07
ORD00720,myteam,100,22.400000000000002,Buy,CRC,2025-09-18 10:19:44
ORD00721,myteam,100,45.75,Buy,GULF,2025-09-18 16:00:21
ORD00722,myteam,100,45.25,Sell,GULF,2025-09-18 16:01:45
ORD00723,myteam,100,3.24,Buy,BTS,2025-09-18 15:14:15
ORD00724,myteam,100,22.299999999999997,Sell,CRC,2025-09-18 10:20:00
ORD00725,myteam,100,183.5,Buy,BH,2025-09-18 16:28:56
ORD00726,myteam,100,45.75,Buy,GULF,2025-09-18 16:06:31
ORD00727,myteam,100,1.8800000000000001,Buy,TTB,2025-09-18 15:47:51
ORD00728,myteam,100,3.22,Sell,BTS,2025-09-18 15:32:38
ORD00729,myteam,100,45.25,Sell,GULF,2025-09-18 16:11:39
ORD00730,myteam,100,3.24,Buy,BTS,2025-09-18 15:49:51
ORD00731,myteam,100,3.22,Sell,BTS,2025-09-18 15:52:32
ORD00732,myteam,100,21.1,Buy,BDMS,2025-09-18 16:29:20
ORD00733,myteam,100,162.0,Buy,DELTA,2025-09-18 14:55:51
ORD00734,myteam,100,22.700000000000003,Buy,CRC,2025-09-18 10:26:24
ORD00735,myteam,100,125.0,Sell,SCB,2025-09-18 16:01:14
ORD00736,myteam,100,3.2600000000000002,Buy,BTS,2025-09-18 16:17:10
ORD00737,myteam,100,22.599999999999998,Sell,CRC,2025-09-18 10:27:54
ORD00738,myteam,100,125.5,Buy,SCB,2025-09-18 16:06:19
ORD00739,myteam,100,161.5,Sell,DELTA,2025-09-18 15:50:53
ORD00740,myteam,100,22.8,Buy,CRC,2025-09-18 10:36:43
ORD00741,myteam,100,22.599999999999998,Sell,CRC,2025-09-18 10:36:55
ORD00742,myteam,100,22.8,Buy,CRC,2025-09-18 10:37:28
ORD00743,myteam,100,22.599999999999998,Sell,CRC,2025-09-18 10:37:38
ORD00744,myteam,100,22.700000000000003,Buy,CRC,2025-09-18 10:41:09
ORD00745,myteam,100,22.599999999999998,Sell,CRC,2025-09-18 10:45:11
ORD00747,myteam,100,125.5,Buy,SCB,2025-09-18 16:27:13
ORD00748,myteam,100,163.0,Buy,DELTA,2025-09-18 16:14:39
ORD00749,myteam,100,22.8,Buy,CRC,2025-09-18 10:49:50
ORD00750,myteam,100,22.7,Sell,CRC,2025-09-18 10:52:32
ORD00751,myteam,100,22.900000000000002,Buy,CRC,2025-09-18 10:54:51
ORD00752,myteam,100,162.0,Sell,DELTA,2025-09-18 16:20:11
ORD00753,myteam,100,22.599999999999998,Sell,CRC,2025-09-18 10:58:04
ORD00754,myteam,100,163.0,Buy,DELTA,2025-09-18 16:22:04
ORD00755,myteam,100,22.700000000000003,Buy,CRC,2025-09-18 10:59:13
ORD00756,myteam,100,22.599999999999998,Sell,CRC,2025-09-18 11:01:12
ORD00757,myteam,100,162.5,Sell,DELTA,2025-09-18 16:23:51
ORD00758,myteam,100,163.0,Buy,DELTA,2025-09-18 16:24:31
ORD00759,myteam,100,162.5,Sell,DELTA,2025-09-18 16:25:24
ORD00760,myteam,100,22.700000000000003,Buy,CRC,2025-09-18 11:03:13
ORD00761,myteam,100,22.599999999999998,Sell,CRC,2025-09-18 11:04:02
ORD00762,myteam,100,163.0,Buy,DELTA,2025-09-18 16:27:50
ORD00763,myteam,100,22.700000000000003,Buy,CRC,2025-09-18 11:06:35
ORD00764,myteam,100,22.599999999999998,Sell,CRC,2025-09-18 11:06:38
ORD00765,myteam,100,22.8,Buy,CRC,2025-09-18 11:14:26
ORD00766,myteam,100,22.599999999999998,Sell,CRC,2025-09-18 11:14:49
ORD00767,myteam,100,22.700000000000003,Buy,CRC,2025-09-18 11:29:22
ORD00768,myteam,100,22.599999999999998,Sell,CRC,2025-09-18 11:30:04
ORD00769,myteam,100,22.700000000000003,Buy,CRC,2025-09-18 11:34:37
ORD00770,myteam,100,22.599999999999998,Sell,CRC,2025-09-18 11:35:44
ORD00771,myteam,100,22.700000000000003,Buy,CRC,2025-09-18 11:36:18
ORD00772,myteam,100,22.5,Sell,CRC,2025-09-18 11:41:11
ORD00773,myteam,100,22.8,Buy,CRC,2025-09-18 12:05:48
ORD00774,myteam,100,22.5,Sell,CRC,2025-09-18 12:19:41
ORD00775,myteam,100,22.6,Buy,CRC,2025-09-18 12:19:54
ORD00776,myteam,100,22.4,Sell,CRC,2025-09-18 12:21:20
ORD00777,myteam,100,22.6,Buy,CRC,2025-09-18 12:27:25
ORD00778,myteam,100,22.4,Sell,CRC,2025-09-18 14:02:41
ORD00779,myteam,100,22.5,Buy,CRC,2025-09-18 14:10:21
ORD00780,myteam,100,22.4,Sell,CRC,2025-09-18 14:13:53
ORD00781,myteam,100,22.6,Buy,CRC,2025-09-18 14:19:32
ORD00782,myteam,100,22.5,Sell,CRC,2025-09-18 14:22:36
ORD00783,myteam,100,22.6,Buy,CRC,2025-09-18 14:24:59
ORD00784,myteam,100,22.4,Sell,CRC,2025-09-18 14:26:27
ORD00785,myteam,100,22.6,Buy,CRC,2025-09-18 14:38:03
ORD00786,myteam,100,22.5,Sell,CRC,2025-09-18 14:48:22
ORD00787,myteam,100,22.700000000000003,Buy,CRC,2025-09-18 14:50:58
ORD00788,myteam,100,22.5,Sell,CRC,2025-09-18 14:57:01
ORD00789,myteam,100,22.8,Buy,CRC,2025-09-18 15:25:42
ORD00790,myteam,100,22.5,Sell,CRC,2025-09-18 15:48:47
ORD00791,myteam,100,22.6,Buy,CRC,2025-09-18 15:58:49
ORD00792,myteam,100,22.4,Sell,CRC,2025-09-18 16:12:55
ORD00793,myteam,100,22.5,Buy,CRC,2025-09-18 16:27:40
ORD00018,myteam,100,4.5,Buy,LH,2025-09-18 09:58:45
ORD00020,myteam,100,31.0,Buy,KTC,2025-09-18 09:57:39
ORD00021,myteam,100,14.2,Buy,OR,2025-09-18 09:58:31
ORD00025,myteam,100,21.3,Buy,BDMS,2025-09-18 09:57:43
ORD00031,myteam,100,165.0,Buy,DELTA,2025-09-18 09:57:19
ORD00034,myteam,100,116.0,Buy,PTTEP,2025-09-18 09:56:59
ORD00035,myteam,100,11.4,Buy,TRUE,2025-09-18 10:00:48
ORD00039,myteam,100,126.0,Buy,SCB,2025-09-18 10:01:35
ORD00040,myteam,100,49.0,Buy,CPALL,2025-09-18 10:03:26
ORD00041,myteam,100,59.0,Buy,KKP,2025-09-18 10:09:07
ORD00043,myteam,100,19.3,Buy,SCGP,2025-09-18 10:00:30
ORD00048,myteam,100,115.0,Sell,PTTEP,2025-09-18 09:57:33
ORD00054,myteam,100,297.0,Buy,ADVANC,2025-09-18 10:02:50
ORD00055,myteam,100,1.89,Buy,TTB,2025-09-18 10:05:06
ORD00058,myteam,100,57.0,Buy,CPN,2025-09-18 10:08:37
ORD00059,myteam,100,46.0,Buy,GULF,2025-09-18 10:00:35
ORD00063,myteam,100,24.6,Buy,MINT,2025-09-18 10:02:13
ORD00064,myteam,100,58.5,Sell,KKP,2025-09-18 10:21:02
ORD00065,myteam,100,295.0,Sell,ADVANC,2025-09-18 10:10:40
ORD00073,myteam,100,45.75,Sell,GULF,2025-09-18 10:03:32
ORD00075,myteam,100,23.3,Buy,CPF,2025-09-18 10:05:02
ORD00076,myteam,100,19.1,Buy,SCGP,2025-09-18 10:06:42
ORD00077,myteam,100,33.5,Buy,PTT,2025-09-18 10:02:53
ORD00078,myteam,100,30.5,Sell,KTC,2025-09-18 10:07:24
ORD00080,myteam,100,37.0,Buy,TOP,2025-09-18 10:05:29
ORD00081,myteam,100,3.3,Buy,BTS,2025-09-18 10:07:24
ORD00082,myteam,100,116.0,Buy,EGCO,2025-09-18 14:42:20
ORD00083,myteam,100,296.0,Buy,ADVANC,2025-09-18 10:18:07
ORD00090,myteam,100,56.25,Buy,CBG,2025-09-18 10:13:48
ORD00092,myteam,100,20.3,Buy,BJC,2025-09-18 10:14:36
ORD00093,myteam,100,56.25,Sell,CPN,2025-09-18 10:18:22
ORD00094,myteam,100,26.75,Buy,RATCH,2025-09-18 15:41:26
ORD00095,myteam,100,58.75,Buy,KKP,2025-09-18 10:44:19
ORD00096,myteam,100,1.8699999999999999,Sell,TTB,2025-09-18 10:15:27
ORD00098,myteam,100,13.9,Sell,OR,2025-09-18 10:06:28
ORD00099,myteam,100,26.25,Sell,RATCH,2025-09-18 15:44:02
ORD00107,myteam,100,21.0,Sell,BDMS,2025-09-18 10:05:17
ORD00108,myteam,100,2.44,Buy,AWC,2025-09-18 10:26:58
ORD00117,myteam,100,4.420000000000001,Sell,LH,2025-09-18 10:09:44
ORD00120,myteam,100,10.5,Buy,TLI,2025-09-18 10:33:02
ORD00126,myteam,100,21.1,Buy,BDMS,2025-09-18 10:10:02
ORD00127,myteam,100,12.4,Buy,TU,2025-09-18 10:48:41
ORD00133,myteam,100,100.0,Buy,TISCO,2025-09-18 10:45:21
ORD00138,myteam,100,99.5,Sell,TISCO,2025-09-18 10:46:44
ORD00144,myteam,100,229.0,Buy,SCC,2025-09-18 11:02:13
ORD00148,myteam,100,58.75,Buy,KKP,2025-09-18 11:37:19
ORD00152,myteam,100,33.0,Sell,PTT,2025-09-18 10:44:14
ORD00160,myteam,100,43.0,Buy,MTC,2025-09-18 11:51:42
ORD00161,myteam,100,163.5,Sell,DELTA,2025-09-18 10:06:22
ORD00163,myteam,100,45.75,Buy,GULF,2025-09-18 10:13:25
ORD00164,myteam,100,148.0,Buy,BBL,2025-09-18 14:02:47
ORD00165,myteam,100,10.6,Buy,TLI,2025-09-18 10:55:28
ORD00171,myteam,100,25.25,Buy,COM7,2025-09-18 10:34:57
ORD00176,myteam,100,45.25,Sell,GULF,2025-09-18 10:13:59
ORD00183,myteam,100,18.7,Sell,SCGP,2025-09-18 10:30:03
ORD00188,myteam,100,55.5,Sell,CBG,2025-09-18 10:24:11
ORD00198,myteam,100,164.0,Buy,KBANK,2025-09-18 10:40:01
ORD00203,myteam,100,126.0,Buy,SCB,2025-09-18 10:21:42
ORD00205,myteam,100,31.75,Buy,BCP,2025-09-18 12:07:06
ORD00208,myteam,100,31.25,Sell,BCP,2025-09-18 12:21:57
ORD00210,myteam,100,164.0,Buy,KBANK,2025-09-18 10:48:59
ORD00216,myteam,100,4.96,Buy,BANPU,2025-09-18 10:19:20
ORD00219,myteam,100,10.5,Buy,TLI,2025-09-18 12:22:40
ORD00220,myteam,100,20.9,Sell,BDMS,2025-09-18 10:17:35
ORD00221,myteam,100,164.0,Buy,DELTA,2025-09-18 10:15:01
ORD00222,myteam,100,164.0,Buy,KBANK,2025-09-18 10:54:30
ORD00226,myteam,100,3.2600000000000002,Buy,BTS,2025-09-18 10:16:32
ORD00227,myteam,100,11.299999999999999,Buy,TRUE,2025-09-18 12:23:33
ORD00229,myteam,100,20.6,Buy,TIDLOR,2025-09-18 12:15:20
ORD00230,myteam,100,56.0,Buy,CBG,2025-09-18 10:37:10
ORD00231,myteam,100,10.4,Sell,TLI,2025-09-18 13:59:23
ORD00233,myteam,100,5.3,Buy,BEM,2025-09-18 14:26:11
ORD00245,myteam,100,228.0,Buy,SCC,2025-09-18 14:09:19
ORD00246,myteam,100,182.0,Buy,BH,2025-09-18 11:00:20
ORD00247,myteam,100,23.1,Buy,IVL,2025-09-18 12:02:37
ORD00249,myteam,100,181.5,Sell,BH,2025-09-18 11:01:48
ORD00253,myteam,100,42.25,Sell,MTC,2025-09-18 14:36:42
ORD00255,myteam,100,1.93,Buy,VGI,2025-09-18 11:37:09
ORD00256,myteam,100,57.25,Buy,CPN,2025-09-18 12:19:49
ORD00258,myteam,100,58.75,Buy,KKP,2025-09-18 14:12:17
ORD00261,myteam,100,30.25,Buy,KTC,2025-09-18 10:28:22
ORD00264,myteam,100,148.0,Sell,BBL,2025-09-18 16:09:34
ORD00265,myteam,100,3.24,Buy,BTS,2025-09-18 10:17:07
ORD00268,myteam,100,56.5,Buy,CBG,2025-09-18 10:58:35
ORD00271,myteam,100,24.099999999999998,Sell,MINT,2025-09-18 10:56:55
ORD00276,myteam,100,27.5,Buy,PTTGC,2025-09-18 14:00:10
ORD00281,myteam,100,1.91,Sell,VGI,2025-09-18 11:41:59
ORD00291,myteam,100,20.4,Sell,TIDLOR,2025-09-18 14:15:32
ORD00292,myteam,100,126.0,Buy,SCB,2025-09-18 10:32:15
ORD00304,myteam,100,10.7,Buy,TLI,2025-09-18 14:49:15
ORD00305,myteam,100,56.75,Sell,CPN,2025-09-18 14:49:40
ORD00310,myteam,100,4.3999999999999995,Buy,LH,2025-09-18 10:37:52
ORD00317,myteam,100,4.380000000000001,Sell,LH,2025-09-18 10:41:01
ORD00318,myteam,100,20.2,Sell,BJC,2025-09-18 14:37:09
ORD00320,myteam,100,164.0,Buy,DELTA,2025-09-18 10:27:10
ORD00322,myteam,100,4.920000000000001,Sell,BANPU,2025-09-18 10:31:11
ORD00323,myteam,100,23.2,Sell,CPF,2025-09-18 11:01:52
ORD00328,myteam,100,6.1499999999999995,Buy,CCET,2025-09-18 14:04:22
ORD00333,myteam,100,3.2,Sell,BTS,2025-09-18 10:18:19
ORD00340,myteam,100,4.96,Buy,BANPU,2025-09-18 10:35:59
ORD00341,myteam,100,19.0,Buy,SCGP,2025-09-18 12:26:23
ORD00342,myteam,100,228.0,Buy,SCC,2025-09-18 15:26:09
ORD00345,myteam,100,4.920000000000001,Sell,BANPU,2025-09-18 10:37:23
ORD00347,myteam,100,184.0,Buy,BH,2025-09-18 11:33:45
ORD00354,myteam,100,42.5,Buy,MTC,2025-09-18 16:22:35
ORD00356,myteam,100,18.799999999999997,Sell,SCGP,2025-09-18 14:28:37
ORD00357,myteam,100,23.1,Buy,IVL,2025-09-18 15:22:30
ORD00358,myteam,100,42.25,Sell,MTC,2025-09-18 16:27:12
ORD00359,myteam,100,162.0,Sell,DELTA,2025-09-18 10:35:11
ORD00361,myteam,100,10.5,Sell,TLI,2025-09-18 15:52:29
ORD00368,myteam,100,10.6,Buy,TLI,2025-09-18 15:52:36
ORD00369,myteam,100,36.5,Sell,TOP,2025-09-18 11:40:37
ORD00371,myteam,100,19.0,Buy,SCGP,2025-09-18 14:30:07
ORD00376,myteam,100,36.75,Buy,TOP,2025-09-18 11:46:20
ORD00377,myteam,100,20.5,Buy,TIDLOR,2025-09-18 16:07:34
ORD00378,myteam,100,163.0,Buy,DELTA,2025-09-18 10:37:11
ORD00379,myteam,100,27.5,Buy,PTTGC,2025-09-18 15:10:34
ORD00382,myteam,100,23.3,Buy,CPF,2025-09-18 11:26:26
ORD00387,myteam,100,23.2,Sell,CPF,2025-09-18 11:31:56
ORD00388,myteam,100,163.5,Buy,KBANK,2025-09-18 13:59:27
ORD00390,myteam,100,18.799999999999997,Sell,SCGP,2025-09-18 15:16:31
ORD00394,myteam,100,13.9,Buy,OR,2025-09-18 11:49:31
ORD00395,myteam,100,2.46,Buy,AWC,2025-09-18 14:26:56
ORD00397,myteam,100,294.0,Buy,ADVANC,2025-09-18 14:02:56
ORD00400,myteam,100,100.0,Buy,TISCO,2025-09-18 14:18:41
ORD00402,myteam,100,25.5,Buy,KTB,2025-09-18 14:02:41
ORD00408,myteam,100,115.5,Buy,PTTEP,2025-09-18 14:00:07
ORD00409,myteam,100,162.0,Sell,DELTA,2025-09-18 10:39:30
ORD00414,myteam,100,4.96,Buy,BANPU,2025-09-18 10:42:45
ORD00417,myteam,100,40.0,Buy,GPSC,2025-09-18 11:20:44
ORD00420,myteam,100,59.0,Buy,KKP,2025-09-18 15:34:55
ORD00421,myteam,100,30.5,Buy,KTC,2025-09-18 10:44:41
ORD00422,myteam,100,184.0,Buy,BH,2025-09-18 11:48:28
ORD00423,myteam,100,183.5,Sell,BH,2025-09-18 11:48:42
ORD00430,myteam,100,7.75,Buy,HMPRO,2025-09-18 14:19:41
ORD00434,myteam,100,6.1499999999999995,Buy,CCET,2025-09-18 14:33:41
ORD00436,myteam,100,19.1,Buy,SCGP,2025-09-18 16:23:02
ORD00437,myteam,100,2.46,Buy,AWC,2025-09-18 15:18:41
ORD00441,myteam,100,4.920000000000001,Sell,BANPU,2025-09-18 10:46:18
ORD00444,myteam,100,6.05,Sell,CCET,2025-09-18 14:41:43
ORD00446,myteam,100,25.25,Buy,COM7,2025-09-18 14:21:04
ORD00449,myteam,100,27.25,Sell,PTTGC,2025-09-18 16:23:11
ORD00450,myteam,100,25.5,Buy,KTB,2025-09-18 14:45:22
ORD00451,myteam,100,48.75,Buy,CPALL,2025-09-18 14:08:18
ORD00454,myteam,100,13.700000000000001,Sell,OR,2025-09-18 12:07:11
ORD00456,myteam,100,2.44,Sell,AWC,2025-09-18 15:59:22
ORD00457,myteam,100,48.25,Sell,CPALL,2025-09-18 14:16:20
ORD00458,myteam,100,36.75,Buy,TOP,2025-09-18 14:03:15
ORD00459,myteam,100,22.700000000000003,Buy,CRC,2025-09-18 10:05:20
ORD00460,myteam,100,1.92,Buy,VGI,2025-09-18 15:14:03
ORD00466,myteam,100,185.0,Buy,BH,2025-09-18 11:51:02
ORD00469,myteam,100,1.8800000000000001,Buy,TTB,2025-09-18 11:54:29
ORD00470,myteam,100,6.1000000000000005,Sell,CCET,2025-09-18 15:03:27
ORD00471,myteam,100,163.0,Sell,DELTA,2025-09-18 11:06:36
ORD00479,myteam,100,48.75,Buy,CPALL,2025-09-18 14:32:12
ORD00480,myteam,100,24.75,Sell,COM7,2025-09-18 14:38:06
ORD00483,myteam,100,164.0,Buy,DELTA,2025-09-18 11:12:11
ORD00484,myteam,100,3.22,Sell,BTS,2025-09-18 10:39:51
ORD00485,myteam,100,59.0,Buy,KKP,2025-09-18 16:21:45
ORD00486,myteam,100,33.25,Buy,PTT,2025-09-18 16:23:21
ORD00487,myteam,100,292.0,Sell,ADVANC,2025-09-18 14:53:34
ORD00494,myteam,100,2.48,Buy,AWC,2025-09-18 16:18:49
ORD00495,myteam,100,3.24,Buy,BTS,2025-09-18 10:42:03
ORD00496,myteam,100,1.93,Buy,VGI,2025-09-18 15:47:44
ORD00497,myteam,100,3.22,Sell,BTS,2025-09-18 10:42:48
ORD00498,myteam,100,48.25,Sell,CPALL,2025-09-18 14:41:47
ORD00499,myteam,100,3.7600000000000002,Buy,WHA,2025-09-18 14:22:22
ORD00500,myteam,100,1.91,Sell,VGI,2025-09-18 15:57:58
ORD00503,myteam,100,163.5,Buy,KBANK,2025-09-18 14:31:25
ORD00506,myteam,100,184.0,Sell,BH,2025-09-18 12:24:30
ORD00511,myteam,100,184.5,Buy,BH,2025-09-18 12:27:37
ORD00512,myteam,100,57.5,Sell,CBG,2025-09-18 12:05:29
ORD00513,myteam,100,294.0,Buy,ADVANC,2025-09-18 15:08:15
ORD00514,myteam,100,4.9799999999999995,Buy,BANPU,2025-09-18 11:06:34
ORD00516,myteam,100,4.46,Buy,LH,2025-09-18 11:37:47
ORD00517,myteam,100,33.0,Sell,PTT,2025-09-18 16:25:53
ORD00519,myteam,100,33.25,Buy,PTT,2025-09-18 16:26:51
ORD00522,myteam,100,46.0,Buy,GULF,2025-09-18 12:16:34
ORD00524,myteam,100,163.0,Buy,KBANK,2025-09-18 14:46:47
ORD00525,myteam,100,24.200000000000003,Buy,MINT,2025-09-18 14:09:21
ORD00526,myteam,100,183.5,Sell,BH,2025-09-18 14:00:06
ORD00527,myteam,100,39.75,Sell,GPSC,2025-09-18 14:53:21
ORD00528,myteam,100,162.5,Sell,KBANK,2025-09-18 14:47:14
ORD00529,myteam,100,32.75,Sell,PTT,2025-09-18 16:26:57
ORD00530,myteam,100,10.7,Buy,TLI,2025-09-18 16:27:19
ORD00531,myteam,100,4.94,Sell,BANPU,2025-09-18 11:11:19
ORD00532,myteam,100,13.799999999999999,Buy,OR,2025-09-18 13:59:06
ORD00535,myteam,100,58.0,Buy,CBG,2025-09-18 12:10:26
ORD00537,myteam,100,164.0,Buy,DELTA,2025-09-18 11:30:53
ORD00538,myteam,100,23.3,Buy,CPF,2025-09-18 14:19:41
ORD00539,myteam,100,1.9,Sell,VGI,2025-09-18 16:25:53
ORD00540,myteam,100,48.75,Buy,CPALL,2025-09-18 15:07:16
ORD00542,myteam,100,3.72,Sell,WHA,2025-09-18 14:33:55
ORD00543,myteam,100,25.25,Sell,KTB,2025-09-18 16:15:32
ORD00544,myteam,100,183.0,Sell,BH,2025-09-18 14:05:33
ORD00545,myteam,100,25.0,Sell,COM7,2025-09-18 15:20:33
ORD00547,myteam,100,3.74,Buy,WHA,2025-09-18 14:40:38
ORD00549,myteam,100,23.099999999999998,Sell,CPF,2025-09-18 14:27:04
ORD00550,myteam,100,21.1,Buy,BDMS,2025-09-18 12:06:57
ORD00551,myteam,100,3.72,Sell,WHA,2025-09-18 14:45:20
ORD00552,myteam,100,163.5,Buy,KBANK,2025-09-18 15:14:24
ORD00554,myteam,100,4.46,Buy,LH,2025-09-18 12:22:22
ORD00556,myteam,100,125.0,Sell,SCB,2025-09-18 11:44:55
ORD00557,myteam,100,1.8699999999999999,Sell,TTB,2025-09-18 14:01:38
ORD00559,myteam,100,30.5,Buy,KTC,2025-09-18 14:00:04
ORD00560,myteam,100,184.0,Buy,BH,2025-09-18 14:12:08
ORD00561,myteam,100,22.4,Sell,CRC,2025-09-18 10:07:36
ORD00562,myteam,100,21.1,Buy,BDMS,2025-09-18 12:19:00
ORD00563,myteam,100,48.5,Sell,CPALL,2025-09-18 15:27:17
ORD00565,myteam,100,4.96,Buy,BANPU,2025-09-18 12:16:21
ORD00566,myteam,100,183.5,Sell,BH,2025-09-18 14:16:14
ORD00568,myteam,100,22.5,Buy,CRC,2025-09-18 10:07:46
ORD00571,myteam,100,1.8800000000000001,Buy,TTB,2025-09-18 14:11:50
ORD00572,myteam,100,13.700000000000001,Sell,OR,2025-09-18 14:39:04
ORD00573,myteam,100,163.0,Buy,DELTA,2025-09-18 12:15:18
ORD00574,myteam,100,1.8699999999999999,Sell,TTB,2025-09-18 14:14:07
ORD00575,myteam,100,25.25,Sell,KTB,2025-09-18 16:29:32
ORD00576,myteam,100,115.0,Sell,PTTEP,2025-09-18 15:43:22
ORD00577,myteam,100,48.75,Buy,CPALL,2025-09-18 15:29:23
ORD00578,myteam,100,4.420000000000001,Sell,LH,2025-09-18 14:02:27
ORD00583,myteam,100,24.0,Sell,MINT,2025-09-18 14:47:39
ORD00584,myteam,100,4.94,Sell,BANPU,2025-09-18 12:17:12
ORD00589,myteam,100,23.3,Buy,CPF,2025-09-18 14:41:46
ORD00592,myteam,100,57.75,Buy,CBG,2025-09-18 14:05:36
ORD00593,myteam,100,4.96,Buy,BANPU,2025-09-18 12:18:53
ORD00596,myteam,100,3.2600000000000002,Buy,BTS,2025-09-18 11:00:23
ORD00597,myteam,100,45.5,Buy,GULF,2025-09-18 14:15:34
ORD00598,myteam,100,36.5,Sell,TOP,2025-09-18 15:59:01
ORD00603,myteam,100,292.0,Sell,ADVANC,2025-09-18 16:18:31
ORD00604,myteam,100,57.75,Buy,CBG,2025-09-18 14:16:40
ORD00605,myteam,100,3.2399999999999998,Sell,BTS,2025-09-18 11:04:39
ORD00607,myteam,100,294.0,Buy,ADVANC,2025-09-18 16:21:02
ORD00608,myteam,100,57.25,Sell,CBG,2025-09-18 14:23:29
ORD00611,myteam,100,36.75,Buy,TOP,2025-09-18 16:16:37
ORD00612,myteam,100,49.0,Buy,CPALL,2025-09-18 15:51:49
ORD00615,myteam,100,40.25,Buy,GPSC,2025-09-18 16:17:11
ORD00616,myteam,100,4.9,Sell,BANPU,2025-09-18 14:02:49
ORD00617,myteam,100,115.5,Buy,PTTEP,2025-09-18 16:10:50
ORD00619,myteam,100,4.4399999999999995,Buy,LH,2025-09-18 14:47:32
ORD00622,myteam,100,162.5,Buy,DELTA,2025-09-18 14:00:32
ORD00623,myteam,100,115.0,Sell,PTTEP,2025-09-18 16:12:42
ORD00624,myteam,100,1.8800000000000001,Buy,TTB,2025-09-18 14:47:03
ORD00625,myteam,100,40.25,Buy,GPSC,2025-09-18 16:29:17
ORD00628,myteam,100,162.0,Sell,DELTA,2025-09-18 14:05:41
ORD00629,myteam,100,57.5,Sell,CBG,2025-09-18 14:49:08
ORD00630,myteam,100,162.5,Sell,KBANK,2025-09-18 15:52:39
ORD00631,myteam,100,4.92,Buy,BANPU,2025-09-18 14:17:58
ORD00632,myteam,100,4.9,Sell,BANPU,2025-09-18 14:25:16
ORD00633,myteam,100,163.0,Buy,DELTA,2025-09-18 14:07:43
ORD00635,myteam,100,3.2600000000000002,Buy,BTS,2025-09-18 12:03:01
ORD00636,myteam,100,45.25,Sell,GULF,2025-09-18 14:38:24
ORD00637,myteam,100,4.4,Sell,LH,2025-09-18 15:00:21
ORD00638,myteam,100,3.2399999999999998,Sell,BTS,2025-09-18 12:07:01
ORD00639,myteam,100,22.6,Buy,CRC,2025-09-18 10:10:58
ORD00643,myteam,100,3.2600000000000002,Buy,BTS,2025-09-18 12:08:25
ORD00644,myteam,100,58.25,Buy,CBG,2025-09-18 14:51:51
ORD00645,myteam,100,30.25,Sell,KTC,2025-09-18 15:49:09
ORD00646,myteam,100,45.5,Buy,GULF,2025-09-18 14:44:35
ORD00647,myteam,100,45.25,Sell,GULF,2025-09-18 14:45:29
ORD00648,myteam,100,48.75,Sell,CPALL,2025-09-18 16:22:06
ORD00649,myteam,100,162.5,Buy,DELTA,2025-09-18 14:23:44
ORD00650,myteam,100,184.0,Buy,BH,2025-09-18 15:06:31
ORD00651,myteam,100,22.299999999999997,Sell,CRC,2025-09-18 10:11:32
ORD00652,myteam,100,57.75,Sell,CBG,2025-09-18 15:00:50
ORD00653,myteam,100,3.22,Sell,BTS,2025-09-18 12:09:51
ORD00654,myteam,100,45.75,Buy,GULF,2025-09-18 14:50:28
ORD00655,myteam,100,45.25,Sell,GULF,2025-09-18 14:54:42
ORD00656,myteam,100,161.5,Sell,DELTA,2025-09-18 14:33:18
ORD00658,myteam,100,22.5,Buy,CRC,2025-09-18 10:12:19
ORD00660,myteam,100,49.0,Buy,CPALL,2025-09-18 16:29:12
ORD00661,myteam,100,22.299999999999997,Sell,CRC,2025-09-18 10:12:25
ORD00662,myteam,100,13.9,Buy,OR,2025-09-18 16:07:49
ORD00663,myteam,100,21.0,Sell,BDMS,2025-09-18 15:42:28
ORD00666,myteam,100,45.75,Buy,GULF,2025-09-18 15:07:16
ORD00667,myteam,100,22.5,Buy,CRC,2025-09-18 10:13:24
ORD00668,myteam,100,22.299999999999997,Sell,CRC,2025-09-18 10:13:32
ORD00669,myteam,100,21.1,Buy,BDMS,2025-09-18 15:48:02
ORD00670,myteam,100,45.25,Sell,GULF,2025-09-18 15:11:42
ORD00672,myteam,100,161.0,Sell,DELTA,2025-09-18 14:33:46
ORD00673,myteam,100,162.0,Buy,DELTA,2025-09-18 14:33:49
ORD00674,myteam,100,21.0,Sell,BDMS,2025-09-18 15:49:46
ORD00675,myteam,100,182.5,Sell,BH,2025-09-18 15:44:10
ORD00676,myteam,100,4.92,Buy,BANPU,2025-09-18 15:57:49
ORD00677,myteam,100,125.0,Sell,SCB,2025-09-18 14:33:52
ORD00680,myteam,100,57.75,Sell,CBG,2025-09-18 15:50:42
ORD00681,myteam,100,24.0,Buy,MINT,2025-09-18 15:56:12
ORD00682,myteam,100,161.0,Buy,DELTA,2025-09-18 14:34:27
ORD00683,myteam,100,22.5,Buy,CRC,2025-09-18 10:15:13
ORD00684,myteam,100,160.5,Sell,DELTA,2025-09-18 14:34:33
ORD00685,myteam,100,3.24,Buy,BTS,2025-09-18 14:24:21
ORD00687,myteam,100,125.0,Sell,SCB,2025-09-18 14:38:13
ORD00688,myteam,100,22.4,Sell,CRC,2025-09-18 10:15:53
ORD00691,myteam,100,161.0,Buy,DELTA,2025-09-18 14:36:15
ORD00692,myteam,100,30.75,Buy,KTC,2025-09-18 16:27:36
ORD00694,myteam,100,163.5,Buy,KBANK,2025-09-18 16:22:25
ORD00695,myteam,100,3.24,Buy,BTS,2025-09-18 14:33:45
ORD00696,myteam,100,23.9,Sell,MINT,2025-09-18 15:58:47
ORD00697,myteam,100,125.5,Buy,SCB,2025-09-18 14:45:59
ORD00698,myteam,100,4.46,Buy,LH,2025-09-18 16:15:06
ORD00699,myteam,100,4.420000000000001,Sell,LH,2025-09-18 16:15:33
ORD00701,myteam,100,22.4,Sell,CRC,2025-09-18 10:17:24
ORD00702,myteam,100,3.22,Sell,BTS,2025-09-18 14:36:53
ORD00704,myteam,100,22.5,Buy,CRC,2025-09-18 10:17:34
ORD00705,myteam,100,3.24,Buy,BTS,2025-09-18 14:36:59
ORD00707,myteam,100,21.0,Sell,BDMS,2025-09-18 16:04:09
ORD00708,myteam,100,125.0,Sell,SCB,2025-09-18 14:52:54
ORD00709,myteam,100,45.25,Sell,GULF,2025-09-18 15:48:28
ORD00710,myteam,100,4.880000000000001,Sell,BANPU,2025-09-18 16:17:00
ORD00711,myteam,100,58.0,Buy,CBG,2025-09-18 16:28:33
ORD00712,myteam,100,125.5,Buy,SCB,2025-09-18 14:54:18
ORD00713,myteam,100,4.8999999999999995,Buy,BANPU,2025-09-18 16:18:55
ORD00714,myteam,100,57.75,Sell,CBG,2025-09-18 16:29:27
ORD00715,myteam,100,4.880000000000001,Sell,BANPU,2025-09-18 16:22:01
ORD00716,myteam,100,1.8699999999999999,Sell,TTB,2025-09-18 15:17:43
ORD00717,myteam,100,159.5,Sell,DELTA,2025-09-18 14:40:09
ORD00718,myteam,100,22.299999999999997,Sell,CRC,2025-09-18 10:19:30
ORD00719,myteam,100,3.22,Sell,BTS,2025-09-18 14:58:07
ORD00720,myteam,100,22.400000000000002,Buy,CRC,2025-09-18 10:19:44
ORD00721,myteam,100,45.75,Buy,GULF,2025-09-18 16:00:21
ORD00722,myteam,100,45.25,Sell,GULF,2025-09-18 16:01:45
ORD00723,myteam,100,3.24,Buy,BTS,2025-09-18 15:14:15
ORD00724,myteam,100,22.299999999999997,Sell,CRC,2025-09-18 10:20:00
ORD00725,myteam,100,183.5,Buy,BH,2025-09-18 16:28:56
ORD00726,myteam,100,45.75,Buy,GULF,2025-09-18 16:06:31
ORD00727,myteam,100,1.8800000000000001,Buy,TTB,2025-09-18 15:47:51
ORD00728,myteam,100,3.22,Sell,BTS,2025-09-18 15:32:38
ORD00729,myteam,100,45.25,Sell,GULF,2025-09-18 16:11:39
ORD00730,myteam,100,3.24,Buy,BTS,2025-09-18 15:49:51
ORD00731,myteam,100,3.22,Sell,BTS,2025-09-18 15:52:32
ORD00732,myteam,100,21.1,Buy,BDMS,2025-09-18 16:29:20
ORD00733,myteam,100,162.0,Buy,DELTA,2025-09-18 14:55:51
ORD00734,myteam,100,22.700000000000003,Buy,CRC,2025-09-18 10:26:24
ORD00735,myteam,100,125.0,Sell,SCB,2025-09-18 16:01:14
ORD00736,myteam,100,3.2600000000000002,Buy,BTS,2025-09-18 16:17:10
ORD00737,myteam,100,22.599999999999998,Sell,CRC,2025-09-18 10:27:54
ORD00738,myteam,100,125.5,Buy,SCB,2025-09-18 16:06:19
ORD00739,myteam,100,161.5,Sell,DELTA,2025-09-18 15:50:53
ORD00740,myteam,100,22.8,Buy,CRC,2025-09-18 10:36:43
ORD00741,myteam,100,22.599999999999998,Sell,CRC,2025-09-18 10:36:55
ORD00742,myteam,100,22.8,Buy,CRC,2025-09-18 10:37:28
ORD00743,myteam,100,22.599999999999998,Sell,CRC,2025-09-18 10:37:38
ORD00744,myteam,100,22.700000000000003,Buy,CRC,2025-09-18 10:41:09
ORD00745,myteam,100,22.599999999999998,Sell,CRC,2025-09-18 10:45:11
ORD00747,myteam,100,125.5,Buy,SCB,2025-09-18 16:27:13
ORD00748,myteam,100,163.0,Buy,DELTA,2025-09-18 16:14:39
ORD00749,myteam,100,22.8,Buy,CRC,2025-09-18 10:49:50
ORD00750,myteam,100,22.7,Sell,CRC,2025-09-18 10:52:32
ORD00751,myteam,100,22.900000000000002,Buy,CRC,2025-09-18 10:54:51
ORD00752,myteam,100,162.0,Sell,DELTA,2025-09-18 16:20:11
ORD00753,myteam,100,22.599999999999998,Sell,CRC,2025-09-18 10:58:04
ORD00754,myteam,100,163.0,Buy,DELTA,2025-09-18 16:22:04
ORD00755,myteam,100,22.700000000000003,Buy,CRC,2025-09-18 10:59:13
ORD00756,myteam,100,22.599999999999998,Sell,CRC,2025-09-18 11:01:12
ORD00757,myteam,100,162.5,Sell,DELTA,2025-09-18 16:23:51
ORD00758,myteam,100,163.0,Buy,DELTA,2025-09-18 16:24:31
ORD00759,myteam,100,162.5,Sell,DELTA,2025-09-18 16:25:24
ORD00760,myteam,100,22.700000000000003,Buy,CRC,2025-09-18 11:03:13
ORD00761,myteam,100,22.599999999999998,Sell,CRC,2025-09-18 11:04:02
ORD00762,myteam,100,163.0,Buy,DELTA,2025-09-18 16:27:50
ORD00763,myteam,100,22.700000000000003,Buy,CRC,2025-09-18 11:06:35
ORD00764,myteam,100,22.599999999999998,Sell,CRC,2025-09-18 11:06:38
ORD00765,myteam,100,22.8,Buy,CRC,2025-09-18 11:14:26
ORD00766,myteam,100,22.599999999999998,Sell,CRC,2025-09-18 11:14:49
ORD00767,myteam,100,22.700000000000003,Buy,CRC,2025-09-18 11:29:22
ORD00768,myteam,100,22.599999999999998,Sell,CRC,2025-09-18 11:30:04
ORD00769,myteam,100,22.700000000000003,Buy,CRC,2025-09-18 11:34:37
ORD00770,myteam,100,22.599999999999998,Sell,CRC,2025-09-18 11:35:44
ORD00771,myteam,100,22.700000000000003,Buy,CRC,2025-09-18 11:36:18
ORD00772,myteam,100,22.5,Sell,CRC,2025-09-18 11:41:11
ORD00773,myteam,100,22.8,Buy,CRC,2025-09-18 12:05:48
ORD00774,myteam,100,22.5,Sell,CRC,2025-09-18 12:19:41
ORD00775,myteam,100,22.6,Buy,CRC,2025-09-18 12:19:54
ORD00776,myteam,100,22.4,Sell,CRC,2025-09-18 12:21:20
ORD00777,myteam,100,22.6,Buy,CRC,2025-09-18 12:27:25
ORD00778,myteam,100,22.4,Sell,CRC,2025-09-18 14:02:41
ORD00779,myteam,100,22.5,Buy,CRC,2025-09-18 14:10:21
ORD00780,myteam,100,22.4,Sell,CRC,2025-09-18 14:13:53
ORD00781,myteam,100,22.6,Buy,CRC,2025-09-18 14:19:32
ORD00782,myteam,100,22.5,Sell,CRC,2025-09-18 14:22:36
ORD00783,myteam,100,22.6,Buy,CRC,2025-09-18 14:24:59
ORD00784,myteam,100,22.4,Sell,CRC,2025-09-18 14:26:27
ORD00785,myteam,100,22.6,Buy,CRC,2025-09-18 14:38:03
ORD00786,myteam,100,22.5,Sell,CRC,2025-09-18 14:48:22
ORD00787,myteam,100,22.700000000000003,Buy,CRC,2025-09-18 14:50:58
ORD00788,myteam,100,22.5,Sell,CRC,2025-09-18 14:57:01
ORD00789,myteam,100,22.8,Buy,CRC,2025-09-18 15:25:42
ORD00790,myteam,100,22.5,Sell,CRC,2025-09-18 15:48:47
ORD00791,myteam,100,22.6,Buy,CRC,2025-09-18 15:58:49
ORD00792,myteam,100,22.4,Sell,CRC,2025-09-18 16:12:55
ORD00793,myteam,100,22.5,Buy,CRC,2025-09-18 16:27:40
ORD00794,myteam,100,40.0,Buy,AOT,2025-09-19 09:59:29
ORD00795,myteam,100,2.48,Buy,AWC,2025-09-19 10:01:27
ORD00802,myteam,100,4.84,Buy,BANPU,2025-09-19 09:59:32
ORD00821,myteam,100,3.7600000000000002,Buy,WHA,2025-09-19 10:01:36
ORD00822,myteam,100,4.4399999999999995,Buy,LH,2025-09-19 10:00:26
ORD00823,myteam,100,10.6,Buy,TLI,2025-09-19 10:24:39
ORD00824,myteam,100,101.0,Buy,TISCO,2025-09-19 10:08:55
ORD00830,myteam,100,22.200000000000003,Buy,CRC,2025-09-19 09:59:19
ORD00842,myteam,100,100.0,Sell,TISCO,2025-09-19 10:13:08
ORD00843,myteam,100,12.299999999999999,Buy,TU,2025-09-19 10:05:47
ORD00845,myteam,100,11.2,Buy,TRUE,2025-09-19 10:01:14
ORD00846,myteam,100,7.6000000000000005,Sell,HMPRO,2025-09-19 10:04:13
ORD00847,myteam,100,43.0,Buy,MTC,2025-09-19 10:03:11
ORD00848,myteam,100,3.22,Sell,BTS,2025-09-19 10:09:50
ORD00850,myteam,100,12.200000000000001,Sell,TU,2025-09-19 10:07:59
ORD00851,myteam,100,2.44,Sell,AWC,2025-09-19 10:09:06
ORD00852,myteam,100,26.5,Buy,RATCH,2025-09-19 10:38:09
ORD00853,myteam,100,4.82,Sell,BANPU,2025-09-19 10:00:42
ORD00854,myteam,100,116.0,Buy,PTTEP,2025-09-19 10:06:33
ORD00855,myteam,100,228.0,Buy,SCC,2025-09-19 10:15:55
ORD00859,myteam,100,4.84,Buy,BANPU,2025-09-19 10:02:27
ORD00860,myteam,100,31.0,Buy,KTC,2025-09-19 10:10:32
ORD00861,myteam,100,20.799999999999997,Sell,BDMS,2025-09-19 10:00:57
ORD00862,myteam,100,116.0,Buy,EGCO,2025-09-19 12:10:06
ORD00863,myteam,100,101.0,Buy,TISCO,2025-09-19 10:15:21
ORD00867,myteam,100,100.0,Sell,TISCO,2025-09-19 10:15:59
ORD00868,myteam,100,2.46,Buy,AWC,2025-09-19 10:31:58
ORD00869,myteam,100,24.0,Buy,MINT,2025-09-19 10:06:14
ORD00871,myteam,100,19.0,Buy,SCGP,2025-09-19 10:41:46
ORD00873,myteam,100,18.799999999999997,Sell,SCGP,2025-09-19 10:42:19
ORD00874,myteam,100,4.800000000000001,Sell,BANPU,2025-09-19 10:02:53
ORD00878,myteam,100,294.0,Buy,ADVANC,2025-09-19 10:28:09
ORD00882,myteam,100,162.5,Sell,DELTA,2025-09-19 10:01:47
ORD00885,myteam,100,149.0,Buy,BBL,2025-09-19 10:16:50
ORD00891,myteam,100,12.3,Sell,TU,2025-09-19 11:09:36
ORD00896,myteam,100,101.0,Buy,TISCO,2025-09-19 10:21:29
ORD00900,myteam,100,23.9,Sell,MINT,2025-09-19 10:14:54
ORD00904,myteam,100,10.4,Sell,TLI,2025-09-19 13:55:50
ORD00905,myteam,100,126.5,Sell,SCB,2025-09-19 10:00:18
ORD00906,myteam,100,18.8,Buy,OSP,2025-09-19 10:54:49
ORD00910,myteam,100,227.0,Sell,SCC,2025-09-19 10:46:21
ORD00911,myteam,100,25.25,Buy,COM7,2025-09-19 11:02:00
ORD00912,myteam,100,43.5,Buy,MTC,2025-09-19 10:13:29
ORD00913,myteam,100,39.75,Sell,GPSC,2025-09-19 10:19:21
ORD00914,myteam,100,148.5,Sell,BBL,2025-09-19 10:32:55
ORD00915,myteam,100,127.0,Buy,SCB,2025-09-19 10:00:45
ORD00917,myteam,100,27.75,Buy,PTTGC,2025-09-19 10:25:50
ORD00918,myteam,100,13.8,Sell,OR,2025-09-19 10:26:52
ORD00919,myteam,100,2.44,Sell,AWC,2025-09-19 10:44:47
ORD00921,myteam,100,14.0,Buy,OR,2025-09-19 10:26:52
ORD00922,myteam,100,39.0,Sell,AOT,2025-09-19 10:11:07
ORD00924,myteam,100,4.84,Buy,BANPU,2025-09-19 10:07:36
ORD00929,myteam,100,163.0,Sell,DELTA,2025-09-19 10:04:13
ORD00931,myteam,100,115.5,Sell,EGCO,2025-09-19 16:08:57
ORD00932,myteam,100,21.200000000000003,Buy,TIDLOR,2025-09-19 10:09:07
ORD00937,myteam,100,39.25,Buy,AOT,2025-09-19 10:12:08
ORD00944,myteam,100,3.7399999999999998,Sell,WHA,2025-09-19 10:21:42
ORD00948,myteam,100,24.1,Buy,MINT,2025-09-19 10:31:25
ORD00960,myteam,100,115.5,Sell,EGCO,2025-09-19 16:23:31
ORD00965,myteam,100,48.5,Sell,CPALL,2025-09-19 10:37:28
ORD00966,myteam,100,149.5,Buy,BBL,2025-09-19 10:52:18
ORD00999,myteam,100,163.0,Sell,DELTA,2025-09-19 10:08:31
ORD01001,myteam,100,227.0,Sell,SCC,2025-09-19 13:55:48
ORD01004,myteam,100,22.0,Buy,CRC,2025-09-19 10:01:51
ORD01014,myteam,100,24.0,Buy,MINT,2025-09-19 11:07:13
ORD01017,myteam,100,57.25,Sell,CBG,2025-09-19 10:33:25
ORD01020,myteam,100,39.5,Buy,AOT,2025-09-19 10:32:14
ORD01025,myteam,100,58.75,Sell,KKP,2025-09-19 14:43:01
ORD01028,myteam,100,4.82,Sell,BANPU,2025-09-19 10:27:47
ORD01039,myteam,100,22.799999999999997,Sell,IVL,2025-09-19 14:02:26
ORD01054,myteam,100,4.4,Sell,LH,2025-09-19 10:56:54
ORD01056,myteam,100,46.0,Buy,GULF,2025-09-19 10:39:15
ORD01067,myteam,100,21.0,Buy,BDMS,2025-09-19 10:38:25
ORD01073,myteam,100,21.900000000000002,Buy,CRC,2025-09-19 10:02:44
ORD01079,myteam,100,24.799999999999997,Sell,COM7,2025-09-19 13:59:14
ORD01117,myteam,100,21.0,Sell,TIDLOR,2025-09-19 10:34:33
ORD01125,myteam,100,229.0,Buy,SCC,2025-09-19 15:19:47
ORD01126,myteam,100,23.0,Sell,IVL,2025-09-19 15:15:49
ORD01127,myteam,100,4.859999999999999,Buy,BANPU,2025-09-19 11:08:34
ORD01131,myteam,100,39.25,Sell,AOT,2025-09-19 11:11:10
ORD01132,myteam,100,10.5,Sell,TLI,2025-09-19 16:28:54
ORD01136,myteam,100,4.840000000000001,Sell,BANPU,2025-09-19 11:16:09
ORD01137,myteam,100,59.0,Buy,KKP,2025-09-19 15:55:09
ORD01144,myteam,100,100.5,Sell,TISCO,2025-09-19 12:21:13
ORD01147,myteam,100,46.0,Buy,GULF,2025-09-19 11:15:03
ORD01156,myteam,100,40.5,Buy,GPSC,2025-09-19 14:59:25
ORD01157,myteam,100,23.1,Buy,IVL,2025-09-19 15:50:58
ORD01158,myteam,100,185.0,Buy,BH,2025-09-19 10:44:45
ORD01164,myteam,100,1.9,Buy,VGI,2025-09-19 14:01:34
ORD01165,myteam,100,22.9,Sell,IVL,2025-09-19 15:51:24
ORD01166,myteam,100,58.5,Sell,KKP,2025-09-19 16:13:04
ORD01171,myteam,100,31.5,Buy,KTC,2025-09-19 10:31:02
ORD01174,myteam,100,13.8,Sell,OR,2025-09-19 14:15:00
ORD01182,myteam,100,163.5,Buy,DELTA,2025-09-19 10:34:05
ORD01183,myteam,100,20.9,Sell,TIDLOR,2025-09-19 11:01:20
ORD01184,myteam,100,164.5,Sell,KBANK,2025-09-19 11:34:14
ORD01185,myteam,100,184.0,Sell,BH,2025-09-19 10:53:13
ORD01186,myteam,100,3.22,Sell,BTS,2025-09-19 14:20:27
ORD01187,myteam,100,27.75,Buy,PTTGC,2025-09-19 15:48:24
ORD01188,myteam,100,18.8,Buy,OSP,2025-09-19 16:22:17
ORD01194,myteam,100,45.75,Sell,GULF,2025-09-19 11:31:51
ORD01195,myteam,100,3.2600000000000002,Buy,BTS,2025-09-19 14:30:57
ORD01196,myteam,100,21.0,Buy,TIDLOR,2025-09-19 11:07:09
ORD01197,myteam,100,162.5,Sell,DELTA,2025-09-19 10:35:23
ORD01198,myteam,100,18.7,Sell,OSP,2025-09-19 16:25:22
ORD01200,myteam,100,127.0,Buy,SCB,2025-09-19 10:44:42
ORD01204,myteam,100,5.15,Sell,BEM,2025-09-19 16:07:16
ORD01205,myteam,100,40.5,Buy,GPSC,2025-09-19 15:29:14
ORD01206,myteam,100,22.200000000000003,Buy,CRC,2025-09-19 10:09:39
ORD01208,myteam,100,21.0,Buy,BDMS,2025-09-19 11:37:32
ORD01209,myteam,100,229.0,Buy,SCC,2025-09-19 15:56:36
ORD01210,myteam,100,22.0,Sell,CRC,2025-09-19 10:09:48
ORD01211,myteam,100,4.3999999999999995,Buy,LH,2025-09-19 11:27:44
ORD01215,myteam,100,101.0,Sell,TISCO,2025-09-19 12:23:39
ORD01221,myteam,100,5.2,Buy,BEM,2025-09-19 16:13:56
ORD01222,myteam,100,4.380000000000001,Sell,LH,2025-09-19 11:30:32
ORD01224,myteam,100,31.5,Buy,KTC,2025-09-19 10:44:12
ORD01227,myteam,100,12.4,Buy,TU,2025-09-19 15:46:28
ORD01228,myteam,100,185.0,Buy,BH,2025-09-19 11:14:13
ORD01231,myteam,100,4.3999999999999995,Buy,LH,2025-09-19 11:32:36
ORD01234,myteam,100,23.1,Buy,IVL,2025-09-19 16:26:02
ORD01235,myteam,100,20.5,Sell,TIDLOR,2025-09-19 11:11:10
ORD01238,myteam,100,20.9,Sell,BDMS,2025-09-19 11:44:31
ORD01239,myteam,100,31.25,Buy,KTC,2025-09-19 10:54:51
ORD01240,myteam,100,115.5,Sell,PTTEP,2025-09-19 15:28:00
ORD01244,myteam,100,21.0,Buy,BDMS,2025-09-19 11:49:48
ORD01245,myteam,100,163.5,Buy,DELTA,2025-09-19 11:10:28
ORD01246,myteam,100,14.0,Buy,OR,2025-09-19 15:53:49
ORD01247,myteam,100,12.4,Buy,TU,2025-09-19 15:56:23
ORD01254,myteam,100,4.859999999999999,Buy,BANPU,2025-09-19 14:15:27
ORD01259,myteam,100,48.25,Sell,CPALL,2025-09-19 12:20:51
ORD01260,myteam,100,20.8,Buy,TIDLOR,2025-09-19 11:23:41
ORD01261,myteam,100,164.0,Sell,KBANK,2025-09-19 14:22:00
ORD01262,myteam,100,162.5,Sell,DELTA,2025-09-19 11:24:28
ORD01263,myteam,100,183.5,Buy,BH,2025-09-19 12:19:04
ORD01264,myteam,100,3.2600000000000002,Buy,BTS,2025-09-19 15:50:13
ORD01265,myteam,100,163.0,Buy,DELTA,2025-09-19 11:28:05
ORD01266,myteam,100,31.25,Buy,KTC,2025-09-19 11:12:16
ORD01267,myteam,100,40.75,Buy,GPSC,2025-09-19 16:29:54
ORD01269,myteam,100,294.0,Buy,ADVANC,2025-09-19 16:13:53
ORD01272,myteam,100,4.840000000000001,Sell,BANPU,2025-09-19 14:46:02
ORD01275,myteam,100,1.88,Sell,VGI,2025-09-19 15:53:31
ORD01276,myteam,100,1.9,Buy,VGI,2025-09-19 15:55:04
ORD01278,myteam,100,22.200000000000003,Buy,CRC,2025-09-19 10:14:57
ORD01280,myteam,100,36.75,Sell,TOP,2025-09-19 15:36:30
ORD01281,myteam,100,21.1,Buy,BDMS,2025-09-19 12:21:07
ORD01287,myteam,100,57.0,Buy,CPN,2025-09-19 15:02:27
ORD01288,myteam,100,3.22,Sell,BTS,2025-09-19 15:56:35
ORD01289,myteam,100,4.88,Buy,BANPU,2025-09-19 14:48:04
ORD01292,myteam,100,20.5,Buy,TIDLOR,2025-09-19 11:37:09
ORD01293,myteam,100,48.25,Sell,CPALL,2025-09-19 14:10:53
ORD01294,myteam,100,3.2600000000000002,Buy,BTS,2025-09-19 16:01:14
ORD01295,myteam,100,20.4,Sell,TIDLOR,2025-09-19 11:40:21
ORD01297,myteam,100,12.200000000000001,Sell,TU,2025-09-19 16:11:00
ORD01299,myteam,100,162.0,Sell,DELTA,2025-09-19 11:56:20
ORD01300,myteam,100,31.25,Buy,KTC,2025-09-19 11:31:49
ORD01301,myteam,100,33.25,Buy,PTT,2025-09-19 14:01:50
ORD01302,myteam,100,20.5,Buy,TIDLOR,2025-09-19 11:45:46
ORD01303,myteam,100,24.1,Buy,MINT,2025-09-19 15:39:56
ORD01304,myteam,100,21.9,Sell,CRC,2025-09-19 10:16:18
ORD01305,myteam,100,181.5,Sell,BH,2025-09-19 14:27:40
ORD01306,myteam,100,37.0,Buy,TOP,2025-09-19 15:53:59
ORD01307,myteam,100,4.840000000000001,Sell,BANPU,2025-09-19 15:11:05
ORD01308,myteam,100,45.75,Buy,GULF,2025-09-19 14:12:32
ORD01311,myteam,100,116.0,Buy,PTTEP,2025-09-19 16:00:00
ORD01312,myteam,100,32.75,Sell,PTT,2025-09-19 14:05:46
ORD01313,myteam,100,30.75,Sell,KTC,2025-09-19 11:32:11
ORD01314,myteam,100,3.78,Buy,WHA,2025-09-19 16:16:02
ORD01315,myteam,100,181.5,Sell,BH,2025-09-19 14:27:46
ORD01316,myteam,100,25.75,Buy,KTB,2025-09-19 14:00:18
ORD01320,myteam,100,20.9,Sell,BDMS,2025-09-19 14:15:29
ORD01321,myteam,100,3.22,Sell,BTS,2025-09-19 16:29:47
ORD01322,myteam,100,181.0,Sell,BH,2025-09-19 14:28:43
ORD01324,myteam,100,31.25,Buy,KTC,2025-09-19 11:34:15
ORD01325,myteam,100,20.2,Sell,TIDLOR,2025-09-19 11:48:27
ORD01330,myteam,100,21.0,Buy,BDMS,2025-09-19 14:18:45
ORD01331,myteam,100,3.7399999999999998,Sell,WHA,2025-09-19 16:22:03
ORD01334,myteam,100,25.25,Sell,KTB,2025-09-19 14:01:21
ORD01336,myteam,100,1.8699999999999999,Sell,TTB,2025-09-19 12:11:11
ORD01337,myteam,100,38.75,Sell,AOT,2025-09-19 14:02:40
ORD01340,myteam,100,115.5,Sell,PTTEP,2025-09-19 16:13:11
ORD01341,myteam,100,56.0,Sell,CPN,2025-09-19 16:00:01
ORD01343,myteam,100,22.0,Sell,CRC,2025-09-19 10:26:57
ORD01348,myteam,100,23.9,Sell,MINT,2025-09-19 16:01:43
ORD01349,myteam,100,1.8800000000000001,Buy,TTB,2025-09-19 12:14:53
ORD01352,myteam,100,162.0,Buy,DELTA,2025-09-19 14:00:16
ORD01353,myteam,100,161.5,Sell,DELTA,2025-09-19 14:00:50
ORD01354,myteam,100,20.2,Sell,TIDLOR,2025-09-19 11:57:12
ORD01356,myteam,100,20.9,Sell,BDMS,2025-09-19 14:43:36
ORD01357,myteam,100,126.5,Buy,SCB,2025-09-19 11:38:39
ORD01359,myteam,100,4.4,Sell,LH,2025-09-19 14:38:22
ORD01360,myteam,100,126.0,Sell,SCB,2025-09-19 11:43:42
ORD01361,myteam,100,101.5,Buy,TISCO,2025-09-19 16:13:13
ORD01362,myteam,100,56.5,Buy,CPN,2025-09-19 16:28:30
ORD01363,myteam,100,101.0,Sell,TISCO,2025-09-19 16:17:16
ORD01364,myteam,100,162.5,Buy,DELTA,2025-09-19 14:08:43
ORD01366,myteam,100,101.5,Buy,TISCO,2025-09-19 16:18:28
ORD01367,myteam,100,45.75,Buy,GULF,2025-09-19 15:07:18
ORD01368,myteam,100,31.0,Buy,KTC,2025-09-19 13:59:58
ORD01369,myteam,100,45.5,Sell,GULF,2025-09-19 15:07:51
ORD01371,myteam,100,22.200000000000003,Buy,CRC,2025-09-19 10:35:37
ORD01372,myteam,100,20.3,Buy,TIDLOR,2025-09-19 12:03:38
ORD01373,myteam,100,101.0,Sell,TISCO,2025-09-19 16:26:57
ORD01374,myteam,100,21.0,Buy,BDMS,2025-09-19 15:07:30
ORD01375,myteam,100,39.25,Buy,AOT,2025-09-19 14:25:50
ORD01376,myteam,100,164.0,Sell,KBANK,2025-09-19 16:24:17
ORD01377,myteam,100,30.5,Sell,KTC,2025-09-19 14:00:54
ORD01378,myteam,100,22.799999999999997,Sell,CPF,2025-09-19 12:25:59
ORD01379,myteam,100,1.8699999999999999,Sell,TTB,2025-09-19 14:01:24
ORD01380,myteam,100,33.25,Buy,PTT,2025-09-19 14:14:01
ORD01381,myteam,100,11.0,Sell,TRUE,2025-09-19 14:08:10
ORD01382,myteam,100,25.75,Buy,KTB,2025-09-19 14:25:13
ORD01383,myteam,100,20.099999999999998,Sell,TIDLOR,2025-09-19 12:07:52
ORD01384,myteam,100,182.0,Buy,BH,2025-09-19 15:10:06
ORD01385,myteam,100,22.099999999999998,Sell,CRC,2025-09-19 10:37:39
ORD01386,myteam,100,181.0,Sell,BH,2025-09-19 15:11:43
ORD01390,myteam,100,31.0,Buy,KTC,2025-09-19 14:07:51
ORD01391,myteam,100,23.0,Buy,CPF,2025-09-19 12:26:52
ORD01392,myteam,100,1.89,Buy,TTB,2025-09-19 14:12:38
ORD01393,myteam,100,45.75,Buy,GULF,2025-09-19 15:20:47
ORD01394,myteam,100,11.1,Buy,TRUE,2025-09-19 14:10:29
ORD01395,myteam,100,45.5,Sell,GULF,2025-09-19 15:22:25
ORD01396,myteam,100,181.5,Buy,BH,2025-09-19 15:15:01
ORD01397,myteam,100,1.8699999999999999,Sell,TTB,2025-09-19 14:16:46
ORD01398,myteam,100,22.9,Sell,CPF,2025-09-19 14:00:13
ORD01399,myteam,100,22.200000000000003,Buy,CRC,2025-09-19 10:49:20
ORD01401,myteam,100,1.89,Buy,TTB,2025-09-19 14:20:02
ORD01402,myteam,100,23.1,Buy,CPF,2025-09-19 14:04:22
ORD01403,myteam,100,20.3,Buy,TIDLOR,2025-09-19 12:16:59
ORD01404,myteam,100,25.25,Sell,KTB,2025-09-19 14:59:10
ORD01405,myteam,100,22.0,Sell,CRC,2025-09-19 10:54:43
ORD01407,myteam,100,20.099999999999998,Sell,TIDLOR,2025-09-19 12:21:15
ORD01408,myteam,100,20.200000000000003,Buy,TIDLOR,2025-09-19 12:26:36
ORD01409,myteam,100,32.75,Sell,PTT,2025-09-19 14:31:06
ORD01410,myteam,100,127.0,Buy,SCB,2025-09-19 14:06:34
ORD01411,myteam,100,33.25,Buy,PTT,2025-09-19 14:32:23
ORD01412,myteam,100,126.0,Sell,SCB,2025-09-19 14:08:16
ORD01413,myteam,100,22.200000000000003,Buy,CRC,2025-09-19 10:59:01
ORD01415,myteam,100,127.0,Buy,SCB,2025-09-19 14:11:10
ORD01417,myteam,100,4.46,Buy,LH,2025-09-19 15:34:36
ORD01419,myteam,100,1.8699999999999999,Sell,TTB,2025-09-19 14:30:23
ORD01420,myteam,100,162.0,Sell,DELTA,2025-09-19 15:28:24
ORD01421,myteam,100,20.099999999999998,Sell,TIDLOR,2025-09-19 13:57:51
ORD01422,myteam,100,32.75,Sell,PTT,2025-09-19 14:35:34
ORD01424,myteam,100,126.0,Sell,SCB,2025-09-19 14:18:29
ORD01425,myteam,100,45.25,Sell,GULF,2025-09-19 15:45:12
ORD01426,myteam,100,127.0,Buy,SCB,2025-09-19 14:23:57
ORD01427,myteam,100,181.5,Buy,BH,2025-09-19 15:48:05
ORD01428,myteam,100,33.25,Buy,PTT,2025-09-19 14:37:01
ORD01429,myteam,100,22.9,Sell,CPF,2025-09-19 14:21:01
ORD01430,myteam,100,181.0,Sell,BH,2025-09-19 15:49:35
ORD01431,myteam,100,30.75,Sell,KTC,2025-09-19 14:59:50
ORD01432,myteam,100,181.5,Buy,BH,2025-09-19 15:53:31
ORD01433,myteam,100,126.5,Sell,SCB,2025-09-19 14:42:37
ORD01435,myteam,100,20.799999999999997,Sell,BDMS,2025-09-19 15:55:17
ORD01436,myteam,100,23.1,Buy,CPF,2025-09-19 14:27:16
ORD01437,myteam,100,39.0,Sell,AOT,2025-09-19 15:42:49
ORD01438,myteam,100,180.5,Sell,BH,2025-09-19 15:54:22
ORD01439,myteam,100,181.0,Buy,BH,2025-09-19 15:55:14
ORD01440,myteam,100,20.900000000000002,Buy,BDMS,2025-09-19 15:58:33
ORD01441,myteam,100,33.25,Buy,PTT,2025-09-19 15:21:44
ORD01442,myteam,100,21.9,Sell,CRC,2025-09-19 11:05:37
ORD01443,myteam,100,22.1,Buy,CRC,2025-09-19 11:05:59
ORD01444,myteam,100,20.799999999999997,Sell,BDMS,2025-09-19 15:58:57
ORD01445,myteam,100,127.0,Buy,SCB,2025-09-19 14:57:57
ORD01446,myteam,100,22.9,Sell,CPF,2025-09-19 14:39:55
ORD01447,myteam,100,20.900000000000002,Buy,BDMS,2025-09-19 15:59:19
ORD01448,myteam,100,45.75,Buy,GULF,2025-09-19 16:04:17
ORD01449,myteam,100,23.200000000000003,Buy,CPF,2025-09-19 14:43:26
ORD01451,myteam,100,161.5,Sell,DELTA,2025-09-19 15:48:10
ORD01452,myteam,100,22.0,Buy,CRC,2025-09-19 11:11:34
ORD01453,myteam,100,1.8800000000000001,Buy,TTB,2025-09-19 15:01:57
ORD01456,myteam,100,1.8699999999999999,Sell,TTB,2025-09-19 15:02:29
ORD01458,myteam,100,20.799999999999997,Sell,BDMS,2025-09-19 16:00:03
ORD01459,myteam,100,21.9,Sell,CRC,2025-09-19 11:16:53
ORD01460,myteam,100,31.0,Buy,KTC,2025-09-19 15:37:01
ORD01461,myteam,100,4.44,Sell,LH,2025-09-19 16:20:21
ORD01462,myteam,100,30.75,Sell,KTC,2025-09-19 15:38:43
ORD01464,myteam,100,180.0,Sell,BH,2025-09-19 16:05:25
ORD01465,myteam,100,23.1,Buy,CPF,2025-09-19 15:02:31
ORD01467,myteam,100,32.75,Sell,PTT,2025-09-19 15:29:33
ORD01469,myteam,100,162.0,Buy,DELTA,2025-09-19 16:03:32
ORD01470,myteam,100,180.5,Buy,BH,2025-09-19 16:11:34
ORD01471,myteam,100,1.8800000000000001,Buy,TTB,2025-09-19 15:17:09
ORD01472,myteam,100,4.46,Buy,LH,2025-09-19 16:29:14
ORD01473,myteam,100,39.25,Buy,AOT,2025-09-19 16:08:56
ORD01475,myteam,100,180.5,Buy,BH,2025-09-19 16:11:55
ORD01476,myteam,100,20.799999999999997,Sell,BDMS,2025-09-19 16:11:15
ORD01479,myteam,100,161.0,Sell,DELTA,2025-09-19 16:12:29
ORD01480,myteam,100,161.5,Buy,DELTA,2025-09-19 16:13:41
ORD01481,myteam,100,20.799999999999997,Sell,BDMS,2025-09-19 16:11:49
ORD01482,myteam,100,179.5,Sell,BH,2025-09-19 16:12:04
ORD01483,myteam,100,179.5,Buy,BH,2025-09-19 16:12:08
ORD01486,myteam,100,20.3,Buy,TIDLOR,2025-09-19 15:51:04
ORD01487,myteam,100,31.0,Buy,KTC,2025-09-19 16:01:50
ORD01488,myteam,100,20.2,Sell,TIDLOR,2025-09-19 15:54:59
ORD01489,myteam,100,21.9,Sell,CRC,2025-09-19 11:38:07
ORD01490,myteam,100,20.3,Buy,TIDLOR,2025-09-19 15:56:26
ORD01491,myteam,100,33.25,Buy,PTT,2025-09-19 15:42:40
ORD01493,myteam,100,30.75,Sell,KTC,2025-09-19 16:04:00
ORD01494,myteam,100,20.3,Buy,TIDLOR,2025-09-19 16:01:36
ORD01495,myteam,100,31.0,Buy,KTC,2025-09-19 16:05:17
ORD01497,myteam,100,30.75,Sell,KTC,2025-09-19 16:07:32
ORD01498,myteam,100,32.75,Sell,PTT,2025-09-19 15:45:32
ORD01499,myteam,100,20.400000000000002,Buy,TIDLOR,2025-09-19 16:03:03
ORD01500,myteam,100,33.25,Buy,PTT,2025-09-19 15:49:44
ORD01501,myteam,100,31.0,Buy,KTC,2025-09-19 16:15:13
ORD01502,myteam,100,22.0,Buy,CRC,2025-09-19 11:49:00
ORD01503,myteam,100,1.8699999999999999,Sell,TTB,2025-09-19 15:38:48
ORD01505,myteam,100,32.75,Sell,PTT,2025-09-19 15:53:03
ORD01506,myteam,100,1.8800000000000001,Buy,TTB,2025-09-19 15:38:51
ORD01508,myteam,100,126.5,Sell,SCB,2025-09-19 16:04:13
ORD01510,myteam,100,179.0,Buy,BH,2025-09-19 16:17:34
ORD01511,myteam,100,178.5,Sell,BH,2025-09-19 16:18:47
ORD01512,myteam,100,25.5,Buy,KTB,2025-09-19 16:28:58
ORD01514,myteam,100,1.8699999999999999,Sell,TTB,2025-09-19 15:43:28
ORD01515,myteam,100,178.5,Sell,BH,2025-09-19 16:20:09
ORD01516,myteam,100,25.25,Sell,KTB,2025-09-19 16:29:42
ORD01517,myteam,100,179.5,Buy,BH,2025-09-19 16:22:21
ORD01518,myteam,100,21.799999999999997,Sell,CRC,2025-09-19 11:51:02
ORD01519,myteam,100,178.5,Sell,BH,2025-09-19 16:25:26
ORD01520,myteam,100,179.5,Buy,BH,2025-09-19 16:28:39
ORD01521,myteam,100,1.8800000000000001,Buy,TTB,2025-09-19 16:00:46
ORD01522,myteam,100,22.0,Buy,CRC,2025-09-19 11:55:18
ORD01523,myteam,100,127.0,Buy,SCB,2025-09-19 16:16:16
ORD01524,myteam,100,1.8699999999999999,Sell,TTB,2025-09-19 16:01:47
ORD01525,myteam,100,126.5,Sell,SCB,2025-09-19 16:17:37
ORD01526,myteam,100,21.9,Sell,CRC,2025-09-19 12:11:35
ORD01527,myteam,100,1.8800000000000001,Buy,TTB,2025-09-19 16:09:19
ORD01528,myteam,100,33.25,Buy,PTT,2025-09-19 16:24:16
ORD01529,myteam,100,33.0,Sell,PTT,2025-09-19 16:27:59
ORD01530,myteam,100,22.1,Buy,CRC,2025-09-19 12:14:47
ORD01532,myteam,100,33.25,Buy,PTT,2025-09-19 16:28:06
ORD01533,myteam,100,1.8800000000000001,Buy,TTB,2025-09-19 16:11:56
ORD01534,myteam,100,1.8699999999999999,Sell,TTB,2025-09-19 16:15:18
ORD01535,myteam,100,127.0,Buy,SCB,2025-09-19 16:29:07
ORD01536,myteam,100,1.8800000000000001,Buy,TTB,2025-09-19 16:19:53
ORD01538,myteam,100,126.5,Sell,SCB,2025-09-19 16:29:32
ORD01539,myteam,100,1.8699999999999999,Sell,TTB,2025-09-19 16:20:21
ORD01540,myteam,100,1.8800000000000001,Buy,TTB,2025-09-19 16:21:58
ORD01541,myteam,100,22.200000000000003,Buy,CRC,2025-09-19 13:56:15
ORD01542,myteam,100,1.8699999999999999,Sell,TTB,2025-09-19 16:29:52
ORD01543,myteam,100,22.0,Sell,CRC,2025-09-19 14:02:40
ORD01544,myteam,100,22.1,Buy,CRC,2025-09-19 14:07:12
ORD01545,myteam,100,22.0,Sell,CRC,2025-09-19 14:15:01
ORD01546,myteam,100,10.9,Sell,TRUE,2025-09-19 16:12:08
ORD01547,myteam,100,11.0,Buy,TRUE,2025-09-19 16:12:18
ORD01548,myteam,100,22.3,Buy,CRC,2025-09-19 14:27:16
ORD01549,myteam,100,22.2,Sell,CRC,2025-09-19 14:35:38
ORD01550,myteam,100,10.8,Sell,TRUE,2025-09-19 16:14:22
ORD01551,myteam,100,22.3,Buy,CRC,2025-09-19 14:43:17
ORD01552,myteam,100,11.0,Buy,TRUE,2025-09-19 16:14:25
ORD01553,myteam,100,10.9,Sell,TRUE,2025-09-19 16:14:40
ORD01554,myteam,100,22.099999999999998,Sell,CRC,2025-09-19 14:53:42
ORD01555,myteam,100,10.9,Buy,TRUE,2025-09-19 16:16:14
ORD01556,myteam,100,22.400000000000002,Buy,CRC,2025-09-19 15:05:05
ORD01557,myteam,100,22.2,Sell,CRC,2025-09-19 15:05:23
ORD01558,myteam,100,22.400000000000002,Buy,CRC,2025-09-19 15:06:55
ORD01559,myteam,100,22.2,Sell,CRC,2025-09-19 15:29:27
ORD01560,myteam,100,22.400000000000002,Buy,CRC,2025-09-19 15:35:37
ORD01561,myteam,100,22.299999999999997,Sell,CRC,2025-09-19 15:40:37
ORD01562,myteam,100,22.5,Buy,CRC,2025-09-19 15:43:07
ORD01563,myteam,100,22.299999999999997,Sell,CRC,2025-09-19 15:50:49
ORD01564,myteam,100,22.5,Buy,CRC,2025-09-19 16:02:49
ORD01565,myteam,100,22.4,Sell,CRC,2025-09-19 16:05:48
ORD01566,myteam,100,10.8,Sell,TRUE,2025-09-19 16:29:11
ORD01567,myteam,100,22.6,Buy,CRC,2025-09-19 16:17:57
ORD01568,myteam,100,22.5,Sell,CRC,2025-09-19 16:19:16
ORD01569,myteam,100,22.6,Buy,CRC,2025-09-19 16:19:25
ORD01570,myteam,100,22.4,Sell,CRC,2025-09-19 16:22:09
ORD01571,myteam,100,22.6,Buy,CRC,2025-09-19 16:28:31
